Make,Model,Year,Engine Size,Mileage,Fuel Type,Transmission,Price
Toyota,Yaris,2019,2.7,90003,Diesel,Manual,11500
Nissan,Juke,2020,4.2,71865,Petrol,Manual,19530
Nissan,Juke,2013,4.3,159740,Petrol,Automatic,11270
Kia,Stonic,2011,3.5,178521,Petrol,Automatic,6330
Hyundai,i10,2021,1.7,64258,Petrol,Manual,10650
Audi,Q5,2013,4.9,151902,Petrol,Automatic,24660
Mercedes,C-Class,2020,2.9,65404,Diesel,Automatic,26420
Nissan,Patrol,2014,4.2,144933,Petrol,Automatic,14010
Kia,Sportage,2022,1.0,50312,Diesel,Automatic,10260
Suzuki,Cultus,2016,3.3,117798,Petrol,Automatic,10900
Kia,Picanto,2006,4.1,241302,Diesel,Automatic,3780
Hyundai,Elantra,2012,2.7,174863,Petrol,Automatic,3480
Kia,Sportage,2023,2.1,37139,Diesel,Automatic,16070
Audi,Q5,2014,2.6,147654,Petrol,Manual,12680
Nissan,Juke,2020,2.8,68244,Petrol,Manual,14300
Mercedes,A-Class,2008,2.5,212613,Diesel,Manual,5110
BMW,3 Series,2012,4.9,171198,Diesel,Manual,21490
Ford,Escape,2010,3.9,184531,Petrol,Manual,5840
Honda,City,2020,1.8,75475,Diesel,Manual,8830
Toyota,Yaris,2015,3.9,133861,Diesel,Automatic,15220
Hyundai,Elantra,2021,2.7,61759,Petrol,Manual,14160
Hyundai,Elantra,2008,3.4,210881,Hybrid,Automatic,3150
Hyundai,Santa Fe,2011,1.0,168233,Petrol,Automatic,800
Ford,Mustang,2019,3.0,87315,Diesel,Automatic,16320
Audi,A4,2016,3.1,115103,Petrol,Automatic,20510
Suzuki,Swift,2011,3.2,166602,Diesel,Manual,1570
Nissan,Juke,2025,4.1,19861,Hybrid,Manual,23960
Honda,City,2017,2.5,101428,Hybrid,Manual,13530
Hyundai,Tucson,2018,3.1,95673,Hybrid,Manual,12660
Ford,Mustang,2026,5.0,1380,Diesel,Automatic,31160
Honda,City,2015,2.2,133755,Diesel,Manual,7170
Nissan,Juke,2013,2.0,146204,Petrol,Manual,5360
Kia,Sportage,2021,1.7,71691,Hybrid,Manual,9530
Audi,Q5,2012,4.9,167959,Petrol,Manual,21200
Ford,Focus,2005,3.7,235598,Petrol,Automatic,800
Mercedes,C-Class,2024,4.2,31327,Diesel,Manual,31060
Audi,A4,2007,3.0,232304,Electric,Manual,9750
Mercedes,C-Class,2018,3.2,97412,Petrol,Manual,21760
Toyota,Fortuner,2008,3.4,209174,Hybrid,Automatic,6800
Kia,Sportage,2019,1.4,78167,Diesel,Manual,6190
Nissan,Juke,2025,4.5,29688,Petrol,Manual,26250
Honda,CR-V,2026,4.5,0,Petrol,Manual,26100
Kia,Stonic,2026,1.4,0,Diesel,Manual,17090
BMW,5 Series,2025,1.5,18218,Petrol,Manual,22780
Mercedes,C-Class,2016,1.0,117868,Petrol,Manual,12200
Suzuki,Wagon R,2022,2.6,50814,Petrol,Automatic,12830
Suzuki,Swift,2015,1.7,154512,Petrol,Automatic,2130
Ford,Focus,2005,2.5,254089,Petrol,Automatic,800
Mercedes,GLC,2020,1.4,79419,Hybrid,Automatic,20820
Suzuki,Wagon R,2018,3.6,93662,Petrol,Automatic,13110
Audi,A6,2023,2.8,34105,Diesel,Manual,24360
Mercedes,A-Class,2008,2.7,229818,Petrol,Manual,6720
Mercedes,E-Class,2009,3.8,201324,Hybrid,Automatic,19890
Nissan,Altima,2015,3.1,145951,Diesel,Automatic,9990
Nissan,Juke,2006,2.1,247916,Petrol,Automatic,800
Audi,Q5,2018,1.3,110565,Petrol,Automatic,15370
Audi,A6,2008,4.2,228089,Diesel,Automatic,12320
Toyota,Camry,2020,3.4,66630,Diesel,Manual,19330
Toyota,RAV4,2015,2.9,134434,Diesel,Automatic,14470
Ford,Mustang,2008,4.8,220727,Petrol,Manual,7120
Nissan,X-Trail,2025,4.1,18510,Petrol,Automatic,26520
Hyundai,Tucson,2022,2.4,46819,Petrol,Manual,15390
Suzuki,Cultus,2021,2.5,71851,Diesel,Automatic,12270
Hyundai,Santa Fe,2008,2.5,226631,Diesel,Automatic,800
Ford,Explorer,2024,3.6,7971,Diesel,Automatic,25000
Toyota,RAV4,2020,4.3,61986,Petrol,Automatic,24120
Suzuki,Baleno,2021,4.2,48697,Electric,Automatic,22750
Nissan,Patrol,2005,1.4,253105,Petrol,Automatic,800
Ford,Fiesta,2014,1.5,145574,Petrol,Automatic,5580
Audi,A3,2005,1.0,258636,Diesel,Automatic,800
Ford,Explorer,2010,1.2,197995,Hybrid,Automatic,2220
Kia,Stonic,2014,1.1,137844,Petrol,Automatic,3980
Suzuki,Wagon R,2006,4.4,235244,Diesel,Manual,800
Toyota,Yaris,2016,5.0,108942,Petrol,Automatic,21910
Ford,Explorer,2015,3.9,139426,Petrol,Manual,10020
Suzuki,Cultus,2016,4.2,118486,Diesel,Manual,12050
Suzuki,Alto,2014,3.3,152537,Diesel,Automatic,7160
Mercedes,A-Class,2020,2.6,87608,Petrol,Manual,21300
Toyota,Camry,2018,2.7,98664,Diesel,Automatic,13660
Kia,Sorento,2025,3.4,3060,Petrol,Automatic,26120
Honda,Accord,2007,3.3,230781,Diesel,Automatic,3590
Hyundai,Tucson,2010,4.2,200510,Petrol,Automatic,11870
Audi,Q3,2022,4.0,48732,Hybrid,Automatic,31850
Ford,Escape,2010,2.2,185187,Petrol,Manual,1360
Kia,Stonic,2023,1.2,33710,Petrol,Manual,11740
Toyota,Yaris,2024,1.0,8073,Hybrid,Manual,17580
Ford,Escape,2019,1.4,60283,Electric,Automatic,16690
Mercedes,E-Class,2021,3.8,47512,Petrol,Automatic,30080
Hyundai,Tucson,2021,3.1,65346,Petrol,Automatic,19800
Audi,Q3,2009,4.4,214686,Petrol,Automatic,15130
BMW,3 Series,2023,4.0,38065,Petrol,Manual,28130
Ford,Explorer,2025,1.1,0,Petrol,Automatic,18820
Nissan,X-Trail,2005,1.3,238508,Hybrid,Automatic,800
Mercedes,GLA,2022,4.1,49627,Petrol,Automatic,32810
Audi,A6,2012,2.9,170371,Hybrid,Automatic,15820
BMW,X1,2007,4.4,218044,Petrol,Automatic,13600
Toyota,Camry,2026,4.7,409,Petrol,Manual,30140
Ford,Focus,2018,4.8,100387,Petrol,Automatic,20880
Mercedes,E-Class,2008,3.8,217518,Electric,Automatic,20480
Audi,Q5,2019,4.7,64720,Electric,Automatic,32980
Toyota,Corolla,2016,4.0,110587,Diesel,Automatic,20040
Honda,Jazz,2008,2.1,230570,Diesel,Manual,800
Ford,Focus,2016,4.1,115835,Electric,Automatic,18370
Ford,Mustang,2006,4.2,250195,Diesel,Automatic,5150
Mercedes,GLC,2010,1.1,178515,Petrol,Manual,5570
Nissan,Juke,2019,4.1,77547,Diesel,Automatic,19970
Audi,A4,2007,3.5,224474,Petrol,Automatic,9970
Suzuki,Swift,2021,2.6,56706,Diesel,Manual,6880
Suzuki,Alto,2022,4.4,44757,Diesel,Manual,17560
Suzuki,Baleno,2024,1.7,28636,Petrol,Automatic,14110
Suzuki,Baleno,2019,2.2,81301,Petrol,Automatic,6600
Toyota,Camry,2015,4.7,146782,Petrol,Manual,13640
BMW,5 Series,2017,1.0,101047,Diesel,Manual,11820
Kia,Stonic,2026,4.0,0,Petrol,Automatic,23540
Suzuki,Alto,2024,4.7,19818,Diesel,Automatic,24370
Toyota,Camry,2023,1.9,42686,Petrol,Automatic,18460
Toyota,RAV4,2010,4.2,190664,Petrol,Automatic,12700
Suzuki,Wagon R,2010,4.3,187993,Diesel,Manual,4580
BMW,3 Series,2014,3.6,140601,Petrol,Automatic,21600
Audi,A6,2021,1.4,53740,Petrol,Manual,16460
Ford,Mustang,2022,2.2,46039,Petrol,Manual,16000
Kia,Cerato,2014,1.8,148468,Petrol,Automatic,3900
Ford,Focus,2014,4.5,143903,Petrol,Automatic,13030
Mercedes,A-Class,2017,4.2,99821,Petrol,Manual,20740
Audi,Q3,2023,3.8,47689,Petrol,Automatic,28590
Mercedes,A-Class,2024,3.9,24466,Petrol,Manual,31470
Toyota,Corolla,2025,1.7,18456,Petrol,Automatic,21070
Toyota,RAV4,2010,3.4,177121,Petrol,Automatic,11330
Mercedes,C-Class,2024,4.1,16854,Petrol,Automatic,33070
Audi,Q5,2025,5.0,21088,Hybrid,Manual,37260
Honda,CR-V,2011,1.8,185082,Petrol,Manual,800
Nissan,Altima,2013,1.0,151550,Diesel,Automatic,4120
Kia,Sorento,2007,4.6,238805,Petrol,Manual,960
Toyota,Corolla,2022,3.0,37578,Petrol,Manual,21510
Suzuki,Cultus,2013,1.5,157990,Hybrid,Automatic,800
Honda,Accord,2020,1.2,61997,Petrol,Automatic,9330
Honda,Civic,2006,3.4,248473,Hybrid,Manual,800
Honda,City,2016,2.6,123034,Diesel,Automatic,11370
Nissan,Patrol,2008,2.7,217737,Petrol,Automatic,1630
Mercedes,A-Class,2025,1.3,14491,Petrol,Automatic,25960
BMW,1 Series,2010,1.7,203502,Hybrid,Automatic,8150
BMW,X1,2024,4.0,24232,Petrol,Automatic,35130
Hyundai,i10,2016,4.2,132491,Petrol,Automatic,13810
Kia,Cerato,2016,1.4,131419,Diesel,Manual,4940
Audi,A4,2022,3.9,47253,Petrol,Manual,32290
Suzuki,Cultus,2013,2.6,163751,Hybrid,Automatic,6140
BMW,5 Series,2012,2.6,168111,Petrol,Automatic,11230
Toyota,Fortuner,2020,1.9,60461,Diesel,Automatic,14090
Mercedes,E-Class,2026,1.7,0,Petrol,Manual,26170
Toyota,RAV4,2006,4.9,240504,Petrol,Manual,5910
Honda,Accord,2011,4.1,179776,Hybrid,Automatic,11140
BMW,1 Series,2017,1.2,110311,Petrol,Automatic,11330
Kia,Stonic,2021,3.5,55538,Petrol,Manual,15630
Honda,Jazz,2013,3.3,149101,Petrol,Manual,8970
Honda,CR-V,2005,4.1,264706,Hybrid,Manual,2250
Nissan,Sunny,2013,2.0,147390,Petrol,Automatic,6050
Honda,Accord,2024,3.9,33260,Hybrid,Manual,25450
Nissan,Altima,2012,2.0,165456,Hybrid,Automatic,4700
BMW,X1,2011,3.0,178642,Petrol,Automatic,14520
BMW,3 Series,2009,4.9,213322,Electric,Manual,21080
Audi,A4,2008,2.0,223522,Petrol,Automatic,7670
Audi,Q5,2006,2.9,242314,Petrol,Manual,800
Honda,Jazz,2022,4.0,34212,Petrol,Automatic,22620
Suzuki,Swift,2025,2.4,8127,Diesel,Automatic,17700
Kia,Sorento,2009,4.7,195981,Diesel,Manual,4130
Ford,Fiesta,2024,1.2,31394,Petrol,Manual,12730
Mercedes,E-Class,2008,4.7,208002,Diesel,Automatic,17070
Hyundai,Santa Fe,2006,2.9,243706,Petrol,Manual,800
Audi,A6,2017,1.1,96765,Hybrid,Automatic,17450
Mercedes,A-Class,2021,3.7,66964,Hybrid,Manual,30260
BMW,X1,2024,3.3,30134,Petrol,Automatic,31830
Honda,CR-V,2013,2.4,152684,Petrol,Manual,5590
BMW,X5,2007,3.6,234049,Petrol,Manual,11080
Honda,CR-V,2025,4.5,3639,Diesel,Manual,26530
Nissan,Sunny,2011,2.1,182719,Hybrid,Manual,2900
Suzuki,Wagon R,2021,4.9,42558,Petrol,Automatic,23250
Nissan,Patrol,2016,2.6,115997,Petrol,Automatic,10680
Audi,Q5,2012,2.8,174445,Hybrid,Manual,14710
Nissan,X-Trail,2014,3.5,137901,Petrol,Automatic,12360
BMW,1 Series,2025,5.0,2065,Diesel,Automatic,42120
Hyundai,Santa Fe,2020,1.9,73198,Petrol,Manual,10320
BMW,X1,2011,1.8,176348,Hybrid,Manual,9520
Toyota,Camry,2014,4.2,155561,Petrol,Automatic,13330
Honda,Accord,2014,5.0,136696,Petrol,Automatic,22260
Kia,Stonic,2011,5.0,181950,Petrol,Automatic,11760
Mercedes,GLC,2009,3.7,192815,Hybrid,Manual,14410
Suzuki,Cultus,2010,3.0,198359,Diesel,Automatic,2710
Honda,Civic,2020,3.9,79789,Petrol,Automatic,21580
Ford,Focus,2013,3.7,147221,Diesel,Automatic,10580
Audi,Q3,2013,2.3,167899,Hybrid,Automatic,14580
Ford,Focus,2017,4.6,117069,Petrol,Automatic,17400
Suzuki,Swift,2009,1.0,198001,Diesel,Manual,800
Nissan,Patrol,2012,1.6,166048,Hybrid,Automatic,3730
Mercedes,GLC,2005,1.3,250680,Diesel,Manual,800
Ford,Mustang,2016,4.0,133750,Petrol,Manual,12070
Hyundai,i10,2026,1.4,3784,Petrol,Manual,16480
Toyota,Camry,2020,5.0,74181,Diesel,Automatic,25530
Honda,Jazz,2025,4.9,0,Petrol,Manual,27960
Audi,A4,2010,4.0,184118,Diesel,Automatic,19120
Mercedes,C-Class,2016,1.2,110806,Petrol,Manual,11020
Ford,Escape,2007,4.3,221904,Petrol,Manual,4740
Honda,Accord,2014,3.3,137598,Petrol,Manual,7490
Suzuki,Baleno,2022,3.6,52903,Hybrid,Automatic,20630
Kia,Stonic,2015,1.2,147470,Diesel,Manual,800
Toyota,Camry,2024,1.4,13419,Petrol,Manual,15440
Hyundai,Sonata,2008,2.3,210301,Petrol,Manual,800
Audi,Q5,2014,1.8,142512,Hybrid,Manual,10420
Toyota,Corolla,2015,3.5,122437,Hybrid,Automatic,18430
Hyundai,Santa Fe,2008,5.0,208792,Petrol,Manual,5740
Toyota,RAV4,2025,4.3,7603,Electric,Automatic,33790
Kia,Sorento,2022,3.3,48212,Petrol,Manual,18710
Nissan,Patrol,2005,3.4,265468,Petrol,Automatic,800
BMW,1 Series,2022,4.8,46627,Petrol,Automatic,36080
BMW,X1,2011,3.7,174196,Petrol,Manual,14500
Suzuki,Swift,2011,1.6,187994,Petrol,Manual,800
Nissan,Juke,2016,2.0,113311,Hybrid,Automatic,11390
Audi,A3,2019,4.8,81000,Hybrid,Automatic,31540
Hyundai,Elantra,2025,3.7,14909,Petrol,Automatic,21070
Ford,Mustang,2009,2.9,204483,Diesel,Manual,1260
Audi,A4,2023,3.3,37357,Petrol,Automatic,25830
Ford,Mustang,2010,4.9,179395,Hybrid,Manual,10430
Audi,A6,2017,2.5,87630,Hybrid,Automatic,21480
Hyundai,Sonata,2021,3.4,69863,Petrol,Automatic,16440
Kia,Cerato,2009,4.4,207231,Petrol,Automatic,6820
Audi,Q3,2016,2.9,129523,Petrol,Automatic,18890
Nissan,Juke,2008,1.1,223739,Petrol,Manual,800
Suzuki,Swift,2015,2.4,123401,Hybrid,Automatic,7810
Mercedes,GLC,2010,1.3,197263,Hybrid,Automatic,8180
Honda,City,2013,1.1,151786,Electric,Automatic,8060
Ford,Escape,2016,2.2,119126,Petrol,Automatic,7800
Audi,A3,2011,1.2,195303,Petrol,Automatic,6000
Kia,Picanto,2020,2.6,68977,Petrol,Automatic,15490
Nissan,Sunny,2016,2.1,110984,Petrol,Automatic,10600
Suzuki,Baleno,2007,5.0,231238,Hybrid,Manual,4290
BMW,X1,2013,3.2,158329,Electric,Automatic,17520
Mercedes,A-Class,2023,2.5,21983,Petrol,Manual,23980
Suzuki,Wagon R,2020,2.8,66624,Diesel,Manual,10800
Kia,Sorento,2011,5.0,184821,Petrol,Automatic,9420
Toyota,Camry,2017,1.2,106367,Petrol,Manual,7210
BMW,1 Series,2010,3.2,191929,Petrol,Automatic,17210
Hyundai,Sonata,2018,4.8,106943,Petrol,Manual,18480
Hyundai,Sonata,2023,2.5,34262,Petrol,Manual,17560
Honda,CR-V,2008,3.7,222595,Petrol,Automatic,6850
Nissan,Patrol,2021,1.7,53054,Petrol,Automatic,13490
Audi,Q3,2011,5.0,170021,Petrol,Automatic,21740
Nissan,X-Trail,2010,1.9,190847,Petrol,Automatic,3240
Mercedes,GLC,2011,2.9,177395,Hybrid,Automatic,15920
Audi,Q3,2015,3.6,150396,Diesel,Manual,17820
Nissan,Juke,2025,4.9,5169,Petrol,Automatic,29630
Toyota,Yaris,2015,2.8,120582,Diesel,Manual,11510
BMW,X5,2007,4.0,226473,Petrol,Manual,8470
Kia,Sportage,2011,1.8,183599,Petrol,Automatic,880
Honda,CR-V,2023,1.7,43024,Petrol,Manual,14330
Ford,Fiesta,2013,1.5,151019,Diesel,Manual,800
Ford,Escape,2017,4.0,113695,Petrol,Automatic,16000
BMW,5 Series,2008,1.7,214306,Petrol,Manual,3740
Honda,Accord,2009,2.1,204543,Petrol,Manual,800
Audi,A4,2016,4.1,114280,Petrol,Automatic,20910
Hyundai,Sonata,2015,3.5,130126,Hybrid,Automatic,15360
Nissan,Sunny,2020,1.0,54922,Petrol,Automatic,10890
Nissan,X-Trail,2019,4.4,100070,Petrol,Automatic,17120
Nissan,Patrol,2019,4.5,81912,Petrol,Automatic,20660
Kia,Cerato,2018,4.8,81754,Diesel,Manual,18110
Ford,Focus,2021,1.2,55346,Petrol,Automatic,11420
Hyundai,Elantra,2021,1.7,66472,Petrol,Automatic,12620
Ford,Escape,2026,4.3,0,Petrol,Automatic,29190
Toyota,RAV4,2026,2.7,201,Diesel,Automatic,24520
Nissan,Patrol,2023,1.8,36235,Diesel,Automatic,16540
Ford,Fiesta,2024,3.1,28401,Petrol,Manual,17240
Honda,Accord,2010,1.7,184120,Petrol,Automatic,800
Suzuki,Wagon R,2021,3.8,63023,Petrol,Automatic,17270
Toyota,Camry,2026,3.9,0,Petrol,Automatic,26620
Honda,Civic,2013,2.9,160064,Diesel,Automatic,8420
Hyundai,Tucson,2018,2.1,95659,Petrol,Automatic,11340
Audi,A4,2013,4.4,158592,Petrol,Manual,18480
Mercedes,GLA,2008,1.8,217539,Hybrid,Automatic,11300
Suzuki,Swift,2023,4.5,26240,Diesel,Automatic,22290
Honda,CR-V,2008,4.8,201878,Petrol,Automatic,10210
Audi,Q5,2006,4.3,220687,Petrol,Manual,10800
Hyundai,Santa Fe,2016,3.3,118570,Diesel,Automatic,14320
Nissan,Juke,2011,3.7,178108,Petrol,Automatic,5850
Toyota,Yaris,2022,4.7,67095,Petrol,Automatic,28630
Toyota,Fortuner,2009,1.3,205791,Hybrid,Manual,800
Hyundai,Tucson,2018,5.0,97080,Petrol,Automatic,18210
Ford,Escape,2011,3.6,174191,Petrol,Manual,4870
BMW,X1,2018,3.0,90883,Petrol,Automatic,23280
Kia,Sorento,2014,4.8,139721,Diesel,Manual,10240
Ford,Escape,2021,4.6,50007,Petrol,Automatic,28060
Nissan,Altima,2013,1.1,146976,Diesel,Automatic,800
Audi,Q3,2007,2.9,224372,Diesel,Manual,6060
Kia,Stonic,2006,2.4,245127,Petrol,Automatic,800
Hyundai,Sonata,2023,2.3,40850,Petrol,Manual,12370
BMW,3 Series,2006,5.0,249018,Petrol,Automatic,14200
Toyota,Yaris,2005,3.5,251273,Diesel,Automatic,800
Mercedes,A-Class,2020,2.4,61053,Petrol,Automatic,24220
Mercedes,C-Class,2021,2.0,64052,Petrol,Automatic,22010
Kia,Sportage,2024,4.1,20066,Petrol,Automatic,23320
Honda,Accord,2026,3.3,8793,Diesel,Automatic,29060
Honda,CR-V,2025,1.5,2590,Diesel,Automatic,17400
Nissan,X-Trail,2006,2.6,230266,Petrol,Automatic,3250
Nissan,Altima,2023,4.4,32388,Diesel,Automatic,27850
Toyota,Yaris,2020,4.8,61225,Petrol,Automatic,27440
Honda,Civic,2014,3.1,124508,Hybrid,Automatic,15570
Audi,A6,2016,2.8,122412,Petrol,Manual,16380
Hyundai,Santa Fe,2013,4.1,141182,Petrol,Automatic,12020
Honda,Jazz,2026,1.6,0,Petrol,Automatic,19490
Ford,Escape,2008,1.9,219816,Petrol,Automatic,800
BMW,1 Series,2022,1.9,50190,Petrol,Manual,20300
Nissan,Patrol,2005,5.0,255871,Diesel,Automatic,6790
BMW,5 Series,2013,3.1,148962,Petrol,Automatic,19730
Mercedes,GLC,2025,4.7,17978,Petrol,Manual,35410
Toyota,RAV4,2008,3.0,217756,Petrol,Automatic,2750
Mercedes,E-Class,2016,1.5,127031,Hybrid,Automatic,14080
Honda,CR-V,2026,3.2,0,Petrol,Manual,23550
Kia,Sorento,2020,1.2,75801,Diesel,Manual,8050
Honda,Civic,2016,3.4,125244,Petrol,Manual,13300
Hyundai,Sonata,2007,1.0,226327,Hybrid,Automatic,800
Kia,Sorento,2022,3.7,43070,Diesel,Automatic,17770
Suzuki,Alto,2025,2.9,23402,Petrol,Manual,17780
Mercedes,GLA,2012,1.0,151936,Diesel,Automatic,10160
Suzuki,Baleno,2009,3.9,212196,Petrol,Automatic,800
Honda,Civic,2024,1.9,11591,Petrol,Manual,15210
Suzuki,Baleno,2014,1.8,148823,Petrol,Automatic,800
Suzuki,Swift,2024,4.1,20241,Hybrid,Automatic,24400
Nissan,Sunny,2006,4.4,249522,Diesel,Automatic,6010
Suzuki,Swift,2019,4.0,75250,Diesel,Automatic,17460
Nissan,X-Trail,2016,2.2,115335,Diesel,Manual,7910
BMW,5 Series,2021,2.9,53094,Diesel,Manual,26120
Hyundai,Tucson,2009,4.4,198581,Diesel,Automatic,8260
Toyota,Yaris,2019,5.0,80962,Petrol,Automatic,23040
BMW,3 Series,2014,2.9,144451,Petrol,Manual,14070
Nissan,X-Trail,2011,4.4,187264,Electric,Automatic,14140
BMW,1 Series,2020,3.0,69832,Petrol,Automatic,25890
Suzuki,Alto,2015,1.5,128556,Petrol,Automatic,1550
Mercedes,C-Class,2020,3.5,61277,Diesel,Manual,25720
Mercedes,E-Class,2012,2.8,169365,Hybrid,Manual,14300
Ford,Mustang,2008,1.0,217587,Petrol,Automatic,800
Toyota,Yaris,2023,4.8,37853,Diesel,Automatic,28830
Nissan,Juke,2016,3.5,115753,Electric,Manual,14840
Audi,Q3,2016,1.6,108761,Electric,Manual,15640
Honda,Jazz,2016,2.3,109883,Electric,Automatic,15590
Nissan,Patrol,2026,2.0,0,Petrol,Automatic,21010
Nissan,X-Trail,2026,4.9,1039,Petrol,Automatic,28200
Honda,Accord,2014,4.5,145643,Petrol,Automatic,15160
Nissan,Altima,2009,1.1,204909,Petrol,Automatic,800
Suzuki,Wagon R,2013,2.0,163381,Petrol,Automatic,800
Hyundai,Tucson,2007,4.4,233283,Petrol,Automatic,3570
Nissan,Sunny,2017,3.0,117271,Petrol,Automatic,12750
Ford,Explorer,2024,4.8,9518,Diesel,Automatic,26800
Mercedes,E-Class,2016,1.6,123037,Petrol,Manual,14810
BMW,3 Series,2006,4.8,238431,Petrol,Manual,9300
BMW,5 Series,2023,1.1,31410,Petrol,Manual,19770
Audi,A4,2012,2.3,171258,Petrol,Manual,10080
Suzuki,Baleno,2012,4.8,167237,Petrol,Manual,8080
Toyota,Yaris,2021,4.4,61054,Petrol,Automatic,25680
Nissan,Altima,2006,4.8,225534,Electric,Automatic,8880
Ford,Escape,2007,1.1,225762,Diesel,Automatic,800
BMW,3 Series,2021,2.1,63123,Petrol,Automatic,23260
Audi,A4,2023,2.7,36501,Petrol,Automatic,28120
Nissan,Altima,2021,3.0,53526,Petrol,Automatic,18430
Nissan,Altima,2018,3.3,99378,Hybrid,Manual,17980
Toyota,Yaris,2015,4.9,125609,Petrol,Automatic,20720
Ford,Explorer,2011,3.3,179240,Hybrid,Manual,7530
BMW,X5,2010,1.2,184458,Hybrid,Manual,6690
Ford,Fiesta,2006,3.7,233226,Hybrid,Automatic,6060
Ford,Fiesta,2007,3.4,233419,Petrol,Manual,800
Nissan,Patrol,2021,2.8,70409,Petrol,Automatic,18550
Kia,Sportage,2017,4.8,102092,Petrol,Manual,14340
Nissan,X-Trail,2011,1.7,182680,Petrol,Automatic,2040
Suzuki,Swift,2007,3.6,244969,Diesel,Manual,800
Kia,Cerato,2013,4.5,155025,Petrol,Manual,10750
Mercedes,E-Class,2023,1.2,28006,Petrol,Manual,18010
Hyundai,Tucson,2011,3.5,178278,Petrol,Automatic,6910
Toyota,Camry,2011,3.4,188646,Petrol,Automatic,9420
BMW,3 Series,2020,2.7,78323,Electric,Automatic,30890
Mercedes,A-Class,2005,1.5,252090,Petrol,Automatic,800
Suzuki,Wagon R,2025,3.5,12687,Hybrid,Automatic,22880
Toyota,RAV4,2020,1.8,89486,Diesel,Automatic,11860
Kia,Sorento,2020,3.8,64612,Petrol,Automatic,18460
Toyota,Corolla,2011,2.1,189835,Diesel,Automatic,5570
Hyundai,Tucson,2020,1.1,59342,Petrol,Manual,9230
Audi,A6,2011,4.1,185401,Petrol,Automatic,15580
Nissan,X-Trail,2017,2.7,116676,Hybrid,Automatic,12270
BMW,5 Series,2005,1.7,255820,Petrol,Manual,800
Kia,Picanto,2018,4.7,99330,Petrol,Automatic,20240
Ford,Fiesta,2013,5.0,145775,Petrol,Automatic,13410
Kia,Picanto,2008,2.5,224839,Petrol,Automatic,800
Ford,Explorer,2023,2.5,43768,Petrol,Manual,17940
Suzuki,Wagon R,2025,2.1,21319,Petrol,Automatic,14320
Toyota,Corolla,2011,1.0,176078,Hybrid,Manual,800
Nissan,X-Trail,2011,4.2,195483,Petrol,Automatic,9850
Suzuki,Baleno,2025,1.2,22950,Hybrid,Automatic,14570
Nissan,Altima,2023,2.7,53875,Petrol,Automatic,20260
Hyundai,Tucson,2021,2.0,40932,Petrol,Automatic,16810
Suzuki,Swift,2014,3.8,136783,Petrol,Manual,6490
Honda,Civic,2011,4.1,202139,Petrol,Automatic,11270
Kia,Picanto,2012,4.0,151561,Petrol,Automatic,8730
Audi,A4,2013,1.7,168016,Diesel,Automatic,11970
Hyundai,i10,2015,4.6,122518,Petrol,Automatic,16620
Kia,Sorento,2016,4.8,132559,Electric,Automatic,21660
Audi,Q3,2012,1.4,176955,Petrol,Manual,7620
Nissan,Sunny,2007,1.8,227081,Petrol,Automatic,800
Honda,Civic,2006,3.8,240341,Diesel,Automatic,5170
Kia,Picanto,2015,2.3,137472,Electric,Automatic,12320
Mercedes,A-Class,2019,4.1,68313,Petrol,Manual,26990
BMW,X1,2023,3.3,32464,Petrol,Automatic,30720
BMW,X5,2018,3.9,98249,Diesel,Automatic,26590
Toyota,Yaris,2022,1.4,50325,Petrol,Automatic,14330
BMW,3 Series,2013,3.4,142377,Diesel,Automatic,20780
Audi,Q3,2011,2.3,184929,Hybrid,Automatic,12460
Ford,Fiesta,2012,1.2,168807,Petrol,Manual,800
BMW,X1,2026,1.9,0,Petrol,Automatic,28500
Kia,Cerato,2022,4.2,40135,Petrol,Manual,19700
Audi,A6,2019,3.1,76227,Petrol,Automatic,27880
Honda,Civic,2018,3.8,102151,Hybrid,Manual,16700
Suzuki,Baleno,2019,4.8,80715,Diesel,Automatic,17410
Kia,Sportage,2010,1.3,181924,Hybrid,Manual,800
Audi,Q3,2026,1.8,0,Diesel,Manual,24920
Ford,Explorer,2014,1.6,146621,Hybrid,Automatic,6960
Suzuki,Wagon R,2018,3.6,102097,Petrol,Automatic,11180
Honda,CR-V,2008,2.5,215197,Petrol,Automatic,3140
Suzuki,Alto,2023,2.0,37838,Petrol,Automatic,11990
Hyundai,Tucson,2025,2.2,20725,Petrol,Automatic,15530
BMW,5 Series,2017,3.8,112424,Petrol,Automatic,24820
Kia,Cerato,2018,3.7,108173,Petrol,Automatic,14520
Mercedes,C-Class,2020,1.4,73729,Electric,Manual,21100
Hyundai,i10,2015,4.3,136441,Diesel,Automatic,17130
Audi,A3,2008,4.7,214289,Hybrid,Manual,16530
BMW,3 Series,2018,2.8,104658,Petrol,Automatic,22400
Kia,Cerato,2019,4.6,82600,Petrol,Manual,16130
Mercedes,C-Class,2013,2.6,161049,Electric,Automatic,19720
Suzuki,Cultus,2020,4.0,68103,Petrol,Automatic,14130
Nissan,Juke,2006,2.4,239134,Hybrid,Automatic,800
Toyota,Camry,2007,3.0,234716,Hybrid,Automatic,5030
BMW,1 Series,2025,4.9,25459,Hybrid,Automatic,39160
Nissan,X-Trail,2012,2.4,171754,Petrol,Manual,4580
Kia,Stonic,2016,3.5,123050,Petrol,Automatic,14210
Ford,Explorer,2013,1.8,163743,Diesel,Automatic,5070
Ford,Fiesta,2023,4.6,47281,Diesel,Automatic,24670
Toyota,Fortuner,2008,2.7,221703,Diesel,Automatic,4730
Ford,Fiesta,2014,3.3,152306,Petrol,Automatic,10660
Audi,A4,2017,2.0,100820,Hybrid,Automatic,20750
Nissan,X-Trail,2013,2.9,162589,Petrol,Manual,2400
BMW,X1,2009,3.0,211443,Hybrid,Automatic,12410
Hyundai,Sonata,2017,4.4,109691,Diesel,Manual,16840
BMW,5 Series,2021,3.7,59660,Petrol,Automatic,28630
Toyota,Fortuner,2010,5.0,201659,Petrol,Manual,11620
Kia,Cerato,2019,3.1,83296,Hybrid,Automatic,18620
Suzuki,Baleno,2011,1.9,175890,Diesel,Automatic,800
BMW,5 Series,2023,1.5,46292,Petrol,Automatic,22040
Mercedes,C-Class,2014,3.2,142560,Hybrid,Manual,17530
Mercedes,C-Class,2010,4.0,188619,Petrol,Manual,14510
Kia,Sportage,2020,2.2,77528,Petrol,Manual,10640
Nissan,Sunny,2006,3.1,252526,Diesel,Manual,800
Suzuki,Swift,2009,4.1,211965,Diesel,Manual,1170
Nissan,X-Trail,2026,1.1,10294,Diesel,Automatic,15140
Suzuki,Baleno,2013,4.2,167193,Diesel,Automatic,8640
Mercedes,GLA,2021,4.7,66857,Petrol,Manual,31770
Suzuki,Cultus,2006,3.7,243202,Electric,Manual,800
Ford,Explorer,2008,1.2,215401,Petrol,Automatic,800
Honda,Accord,2016,1.5,128314,Petrol,Automatic,9410
BMW,5 Series,2021,3.8,55316,Petrol,Automatic,29010
Suzuki,Baleno,2020,1.3,62643,Electric,Automatic,11340
Suzuki,Wagon R,2023,2.4,28444,Diesel,Automatic,16960
Hyundai,Elantra,2014,3.4,137347,Petrol,Manual,9860
Nissan,Sunny,2024,1.6,22665,Hybrid,Automatic,18970
Mercedes,C-Class,2015,3.2,132911,Diesel,Automatic,21330
Nissan,Altima,2019,3.7,90975,Electric,Automatic,21310
Toyota,RAV4,2010,1.9,186447,Diesel,Manual,1700
Suzuki,Cultus,2009,4.3,208613,Diesel,Automatic,3670
Suzuki,Alto,2018,1.1,92289,Petrol,Automatic,6450
Nissan,Altima,2013,3.4,164527,Petrol,Automatic,9360
Hyundai,Tucson,2011,2.7,176404,Petrol,Automatic,3280
Mercedes,GLA,2026,2.7,5404,Petrol,Automatic,32370
Suzuki,Swift,2014,2.7,151758,Petrol,Automatic,3240
Ford,Focus,2021,3.5,44675,Petrol,Manual,17530
Kia,Sorento,2007,2.1,224635,Petrol,Manual,800
Honda,Civic,2011,3.2,186022,Petrol,Manual,5530
Mercedes,GLC,2013,1.4,156073,Petrol,Automatic,14610
Hyundai,i10,2016,5.0,112678,Electric,Manual,19140
Suzuki,Cultus,2007,2.5,232434,Petrol,Automatic,800
Hyundai,i10,2011,4.9,184643,Hybrid,Automatic,12020
Kia,Sportage,2016,3.1,126289,Petrol,Manual,10410
Ford,Explorer,2024,1.1,17424,Electric,Manual,17860
Honda,CR-V,2018,1.2,84250,Diesel,Automatic,14300
BMW,X5,2016,3.4,124081,Diesel,Automatic,22370
Nissan,X-Trail,2021,2.3,51411,Petrol,Manual,9920
Kia,Sorento,2007,4.3,221349,Petrol,Automatic,6180
Suzuki,Wagon R,2005,4.9,251984,Petrol,Automatic,2070
Mercedes,GLC,2022,3.1,41459,Petrol,Manual,25190
Hyundai,Sonata,2025,1.4,19830,Petrol,Automatic,17270
Kia,Sorento,2008,3.3,224169,Petrol,Automatic,1920
Ford,Explorer,2025,3.0,2407,Diesel,Automatic,26470
Hyundai,Sonata,2008,3.5,218858,Petrol,Automatic,6150
Nissan,Altima,2015,1.2,126224,Petrol,Automatic,3700
Audi,A6,2008,2.2,222405,Diesel,Automatic,6620
Honda,Accord,2023,5.0,45425,Hybrid,Automatic,25700
Ford,Escape,2006,1.3,236789,Diesel,Manual,800
Nissan,Juke,2010,2.2,190943,Diesel,Automatic,2640
Kia,Cerato,2021,4.8,50642,Petrol,Manual,20380
BMW,X5,2018,2.9,87855,Petrol,Manual,20470
Kia,Stonic,2005,3.4,251780,Diesel,Manual,800
BMW,5 Series,2008,5.0,210547,Diesel,Manual,17070
Suzuki,Wagon R,2024,2.5,19327,Diesel,Automatic,15100
BMW,X5,2019,4.7,102397,Hybrid,Manual,28000
Toyota,Yaris,2018,3.5,92423,Petrol,Manual,15820
Ford,Mustang,2022,2.8,61019,Hybrid,Manual,16930
Audi,Q3,2019,1.7,102648,Petrol,Manual,17250
Toyota,Fortuner,2016,3.9,107617,Hybrid,Manual,13750
Toyota,Yaris,2022,2.0,53917,Petrol,Automatic,16440
Kia,Cerato,2016,2.2,115466,Petrol,Automatic,8670
BMW,1 Series,2008,4.7,199642,Electric,Automatic,22570
Ford,Focus,2012,2.6,168105,Electric,Manual,7070
Nissan,Juke,2011,3.6,184574,Petrol,Automatic,9480
Toyota,Fortuner,2011,2.2,179232,Diesel,Automatic,6870
Mercedes,GLA,2008,1.6,212062,Petrol,Manual,4890
Audi,A4,2022,2.3,59388,Petrol,Manual,20020
Ford,Focus,2018,3.8,86893,Petrol,Automatic,17080
Hyundai,Elantra,2011,3.9,181593,Hybrid,Manual,7290
Toyota,Camry,2005,2.2,255482,Electric,Manual,940
Mercedes,GLA,2005,4.0,258165,Hybrid,Manual,10320
Honda,City,2011,2.4,188384,Petrol,Manual,2520
Kia,Sportage,2022,4.7,53914,Electric,Automatic,28250
Toyota,Yaris,2006,3.4,234679,Petrol,Manual,3680
Kia,Cerato,2011,5.0,174748,Diesel,Automatic,10460
BMW,3 Series,2007,4.5,236421,Petrol,Automatic,15600
Nissan,Altima,2022,3.0,41496,Petrol,Manual,19260
Honda,Jazz,2008,1.5,221990,Petrol,Manual,800
Mercedes,GLA,2009,3.6,205484,Diesel,Manual,12470
Suzuki,Baleno,2016,4.1,123303,Hybrid,Automatic,14800
Kia,Picanto,2006,1.0,235011,Petrol,Manual,800
Honda,CR-V,2026,4.2,15777,Petrol,Automatic,27300
Hyundai,Elantra,2022,2.1,44817,Petrol,Automatic,15260
Ford,Escape,2009,1.5,206163,Diesel,Manual,800
BMW,X1,2008,2.8,237374,Petrol,Manual,5570
Toyota,Corolla,2014,4.9,148438,Petrol,Manual,15780
Audi,Q3,2020,4.7,64658,Petrol,Automatic,31770
Ford,Explorer,2018,4.6,102214,Electric,Automatic,24970
Audi,Q3,2019,1.1,76103,Petrol,Manual,15320
Honda,Civic,2005,1.3,244151,Petrol,Automatic,800
Toyota,Camry,2015,1.7,132690,Electric,Manual,11520
BMW,X1,2008,3.6,224198,Diesel,Automatic,14260
Mercedes,A-Class,2008,2.3,219431,Diesel,Manual,6760
Honda,Civic,2008,1.7,216329,Diesel,Automatic,800
Honda,City,2015,2.4,121464,Diesel,Automatic,11790
Toyota,Fortuner,2013,4.1,142707,Petrol,Manual,11190
Mercedes,E-Class,2014,2.0,148924,Petrol,Manual,14560
BMW,3 Series,2007,4.8,224122,Petrol,Automatic,17180
Mercedes,C-Class,2009,4.0,212909,Petrol,Manual,13560
Audi,Q3,2022,3.9,41249,Diesel,Automatic,30570
Toyota,Fortuner,2024,3.0,12758,Hybrid,Manual,23540
Toyota,Camry,2014,2.5,136987,Petrol,Automatic,8250
Audi,Q3,2009,2.3,200076,Petrol,Manual,6540
Mercedes,GLA,2023,4.2,44651,Diesel,Manual,29970
Suzuki,Swift,2024,1.1,31688,Petrol,Manual,7720
Audi,Q3,2017,3.7,103542,Petrol,Manual,22550
Kia,Picanto,2007,2.2,224750,Diesel,Automatic,800
BMW,X1,2005,4.6,247336,Hybrid,Manual,12230
Nissan,X-Trail,2018,1.0,100402,Petrol,Automatic,8550
Honda,Jazz,2015,4.7,135877,Petrol,Automatic,17020
Audi,A6,2016,2.8,118606,Petrol,Automatic,20360
Hyundai,Elantra,2010,4.0,201082,Petrol,Manual,4280
Mercedes,GLA,2023,1.2,43280,Petrol,Automatic,22700
Kia,Stonic,2014,3.1,144151,Petrol,Manual,5570
Audi,A3,2016,3.0,118025,Petrol,Manual,14850
Toyota,Yaris,2020,1.2,85500,Hybrid,Manual,10500
Honda,City,2012,1.6,172314,Petrol,Automatic,3880
Mercedes,GLC,2020,3.3,69238,Electric,Manual,30720
Honda,City,2026,2.3,1324,Petrol,Automatic,22810
Nissan,Sunny,2006,1.1,229745,Hybrid,Manual,800
Hyundai,i10,2010,2.3,179709,Diesel,Automatic,2250
Toyota,Corolla,2008,5.0,213766,Hybrid,Automatic,13420
Toyota,Yaris,2010,2.8,186648,Petrol,Manual,3570
Toyota,Yaris,2006,3.5,235913,Petrol,Automatic,2540
Suzuki,Cultus,2022,3.2,52808,Diesel,Automatic,13140
Mercedes,GLC,2008,4.8,222599,Petrol,Automatic,15110
Audi,Q3,2017,3.8,121368,Petrol,Automatic,20770
Audi,A3,2026,4.5,0,Petrol,Automatic,35190
Nissan,Juke,2012,2.6,175555,Petrol,Automatic,5410
Hyundai,i10,2026,3.9,0,Petrol,Automatic,26920
Mercedes,E-Class,2016,4.9,126340,Electric,Automatic,31250
Kia,Cerato,2025,3.4,16209,Petrol,Automatic,22190
Hyundai,Sonata,2023,1.4,36372,Petrol,Automatic,15670
Audi,A3,2013,4.4,163828,Petrol,Manual,15810
Toyota,Corolla,2018,3.8,101769,Petrol,Automatic,18970
Ford,Fiesta,2012,4.6,174177,Hybrid,Manual,10390
Hyundai,Santa Fe,2014,2.9,160511,Petrol,Automatic,9960
Hyundai,Santa Fe,2011,2.4,177574,Petrol,Automatic,1400
Suzuki,Baleno,2016,3.5,118217,Diesel,Automatic,9380
Kia,Sportage,2011,4.9,190480,Hybrid,Automatic,13830
Ford,Fiesta,2008,4.1,214101,Petrol,Automatic,6490
Suzuki,Alto,2008,4.3,215665,Diesel,Manual,800
Hyundai,i10,2018,2.6,106577,Hybrid,Automatic,13850
Honda,City,2021,4.1,63581,Hybrid,Manual,22800
Mercedes,C-Class,2010,1.1,200605,Hybrid,Automatic,9060
Ford,Mustang,2019,2.1,83519,Petrol,Manual,9350
Nissan,Sunny,2016,1.5,107315,Petrol,Manual,5300
BMW,5 Series,2016,3.5,119102,Diesel,Automatic,24050
BMW,3 Series,2023,2.3,25314,Diesel,Manual,25460
Honda,Jazz,2013,3.7,158816,Hybrid,Automatic,13250
Honda,Civic,2009,1.4,212391,Diesel,Automatic,800
BMW,3 Series,2017,4.3,94367,Hybrid,Automatic,28140
Nissan,Sunny,2007,4.3,221389,Petrol,Automatic,4150
Ford,Fiesta,2010,2.0,205412,Petrol,Manual,800
Suzuki,Alto,2021,2.3,66279,Petrol,Automatic,11450
Suzuki,Swift,2009,1.8,206717,Hybrid,Automatic,800
Ford,Mustang,2012,1.8,168627,Petrol,Automatic,6560
Kia,Cerato,2021,2.2,53602,Diesel,Automatic,16160
Audi,Q3,2011,2.1,176987,Diesel,Manual,7380
Nissan,X-Trail,2006,1.7,247745,Petrol,Automatic,800
BMW,5 Series,2020,1.1,58817,Petrol,Automatic,18940
Audi,Q3,2011,2.2,175364,Petrol,Automatic,11360
Toyota,Camry,2014,3.3,153532,Petrol,Manual,9040
Ford,Escape,2022,2.8,40932,Hybrid,Automatic,24090
Suzuki,Wagon R,2024,4.4,33815,Diesel,Automatic,24060
Suzuki,Cultus,2008,3.6,214628,Hybrid,Automatic,4750
Nissan,Juke,2023,4.9,23553,Diesel,Automatic,26470
Ford,Explorer,2014,3.3,155384,Petrol,Automatic,10740
Mercedes,GLA,2026,4.2,6825,Petrol,Manual,34710
Kia,Picanto,2005,1.3,244744,Petrol,Automatic,800
Suzuki,Alto,2023,1.3,34649,Petrol,Automatic,9090
BMW,5 Series,2015,2.0,135903,Hybrid,Manual,11840
Mercedes,E-Class,2013,1.3,147622,Petrol,Automatic,11880
Ford,Fiesta,2009,3.7,205094,Hybrid,Automatic,8770
Hyundai,Sonata,2015,4.2,153011,Diesel,Manual,10740
Honda,Jazz,2019,1.3,94262,Hybrid,Manual,9310
Hyundai,Sonata,2009,4.9,203596,Petrol,Automatic,8470
Hyundai,Tucson,2005,1.0,250571,Diesel,Automatic,800
Mercedes,GLA,2019,2.7,82823,Petrol,Manual,19680
Suzuki,Swift,2011,1.0,183642,Diesel,Automatic,800
Ford,Escape,2025,3.3,11193,Diesel,Manual,22740
BMW,5 Series,2026,2.7,0,Diesel,Automatic,30590
Mercedes,GLA,2007,3.2,224095,Diesel,Automatic,10350
Honda,Accord,2022,4.8,34332,Petrol,Automatic,26610
Suzuki,Cultus,2011,2.1,174184,Diesel,Manual,800
Mercedes,E-Class,2012,3.7,166180,Diesel,Automatic,18450
BMW,X5,2019,3.8,69706,Petrol,Automatic,27770
Audi,A4,2023,2.6,45357,Petrol,Automatic,27600
Hyundai,i10,2014,1.3,133248,Petrol,Automatic,5090
Ford,Explorer,2017,2.3,111679,Petrol,Automatic,11640
Honda,Accord,2023,1.8,46813,Petrol,Automatic,16250
Ford,Focus,2008,4.9,212057,Petrol,Automatic,9250
Mercedes,GLA,2024,2.9,22630,Electric,Automatic,35890
Mercedes,E-Class,2016,1.5,114010,Petrol,Automatic,17390
Audi,Q5,2021,2.2,61272,Petrol,Manual,20690
Nissan,Patrol,2021,3.8,58035,Petrol,Automatic,19640
Mercedes,GLC,2016,3.2,132482,Petrol,Automatic,22890
Ford,Fiesta,2017,2.6,105367,Petrol,Automatic,12750
Nissan,X-Trail,2015,1.8,124260,Petrol,Automatic,5700
BMW,X1,2010,3.2,196625,Petrol,Automatic,13400
Nissan,X-Trail,2010,3.0,194368,Petrol,Manual,800
Ford,Escape,2013,3.0,162930,Petrol,Manual,5010
BMW,X5,2023,1.7,36732,Petrol,Manual,21560
Kia,Sorento,2007,2.7,218282,Hybrid,Automatic,3640
Toyota,RAV4,2009,5.0,207338,Petrol,Manual,10560
Suzuki,Swift,2007,3.8,224078,Petrol,Manual,800
Honda,City,2006,1.5,229585,Petrol,Automatic,800
Suzuki,Swift,2018,1.8,89954,Petrol,Automatic,6130
BMW,3 Series,2018,2.8,86275,Petrol,Manual,18330
Mercedes,E-Class,2007,2.9,217055,Electric,Automatic,15310
Nissan,Sunny,2023,2.3,23821,Petrol,Manual,19500
Nissan,Altima,2007,1.7,219675,Petrol,Automatic,800
BMW,X1,2017,1.7,90104,Petrol,Manual,14270
Ford,Fiesta,2026,1.7,2584,Petrol,Automatic,20730
Hyundai,Tucson,2022,2.8,54320,Diesel,Manual,13820
Mercedes,E-Class,2014,4.6,146810,Hybrid,Automatic,26110
Hyundai,Santa Fe,2019,4.7,84544,Petrol,Automatic,20340
Kia,Sportage,2006,2.6,245624,Hybrid,Manual,800
Kia,Picanto,2016,4.0,119679,Hybrid,Automatic,15920
Hyundai,Tucson,2012,2.0,175905,Diesel,Automatic,4160
Honda,City,2015,2.8,142476,Hybrid,Manual,9360
Honda,Accord,2014,4.2,136041,Diesel,Manual,11230
Ford,Focus,2007,4.2,229876,Diesel,Automatic,6350
Nissan,Altima,2013,3.6,161954,Petrol,Manual,7280
Mercedes,GLA,2014,3.3,137552,Petrol,Manual,18020
Ford,Escape,2007,2.2,230267,Hybrid,Automatic,800
Honda,Civic,2019,1.7,92093,Diesel,Automatic,9880
Honda,Accord,2009,2.3,206186,Diesel,Automatic,1760
Mercedes,E-Class,2017,3.7,101295,Petrol,Automatic,25230
Audi,Q5,2006,3.9,241367,Petrol,Manual,9840
Kia,Cerato,2018,3.0,97563,Petrol,Automatic,10700
Audi,A4,2016,2.9,114849,Diesel,Automatic,19880
Mercedes,GLC,2018,1.6,100698,Petrol,Automatic,18410
Hyundai,i10,2022,3.5,42454,Petrol,Automatic,20210
Honda,City,2006,4.5,232298,Diesel,Manual,3450
Nissan,Sunny,2006,2.5,247115,Petrol,Manual,800
Nissan,X-Trail,2006,2.7,246926,Petrol,Automatic,800
Mercedes,GLC,2005,1.2,246783,Petrol,Automatic,2370
Suzuki,Baleno,2011,2.6,179248,Petrol,Manual,800
BMW,X1,2019,2.8,74273,Diesel,Automatic,22890
Nissan,Juke,2007,3.2,236861,Electric,Automatic,5440
Honda,CR-V,2021,1.5,53453,Petrol,Automatic,15230
Hyundai,Elantra,2025,1.5,5877,Petrol,Manual,11890
Audi,Q3,2018,4.4,99490,Petrol,Manual,24580
Hyundai,Elantra,2024,1.4,21186,Hybrid,Manual,16560
Toyota,Yaris,2025,4.0,16470,Petrol,Automatic,28530
Nissan,Juke,2010,2.4,201015,Petrol,Automatic,1150
Toyota,Yaris,2012,1.2,160000,Diesel,Manual,800
Nissan,Altima,2015,1.6,130289,Hybrid,Automatic,6540
Audi,Q3,2014,2.0,135577,Petrol,Automatic,14500
Nissan,Sunny,2017,1.7,106831,Hybrid,Automatic,10820
Hyundai,i10,2026,4.3,0,Petrol,Automatic,27580
Mercedes,GLC,2011,1.0,191636,Hybrid,Manual,5700
Honda,Civic,2015,3.1,142705,Petrol,Manual,7280
Suzuki,Baleno,2025,2.1,1236,Hybrid,Manual,13940
Audi,Q5,2020,3.0,76029,Hybrid,Automatic,26190
Suzuki,Baleno,2015,2.9,126030,Hybrid,Manual,6940
Suzuki,Cultus,2025,4.5,5714,Diesel,Manual,19920
Honda,CR-V,2022,1.5,51074,Petrol,Automatic,13760
Suzuki,Baleno,2024,3.4,30575,Petrol,Manual,18340
Suzuki,Baleno,2014,2.6,130884,Diesel,Automatic,3900
Kia,Picanto,2010,3.9,208960,Petrol,Manual,3460
BMW,X1,2008,2.4,213251,Diesel,Automatic,9630
Ford,Fiesta,2022,4.3,48408,Diesel,Automatic,24890
Toyota,Fortuner,2021,2.6,72983,Diesel,Automatic,15880
Kia,Sorento,2024,3.2,27177,Diesel,Automatic,22130
Audi,A3,2019,4.8,76312,Petrol,Automatic,30820
Ford,Focus,2026,1.1,0,Hybrid,Manual,15780
Suzuki,Wagon R,2012,4.8,169777,Hybrid,Automatic,12310
Suzuki,Swift,2026,1.2,0,Petrol,Automatic,11150
Kia,Stonic,2016,2.2,106100,Diesel,Manual,5470
Audi,Q5,2024,5.0,20265,Petrol,Automatic,35670
Nissan,X-Trail,2005,2.1,261263,Petrol,Manual,800
Ford,Focus,2014,3.9,147149,Hybrid,Manual,12070
Nissan,Altima,2011,1.9,191267,Hybrid,Automatic,2700
Suzuki,Swift,2023,3.9,30286,Petrol,Automatic,20660
Ford,Escape,2006,2.4,233074,Petrol,Automatic,800
Kia,Cerato,2019,4.2,97420,Petrol,Manual,17010
Audi,Q3,2017,4.7,108081,Hybrid,Manual,29270
Hyundai,Elantra,2020,4.0,74610,Petrol,Automatic,20000
Audi,A3,2011,1.0,179579,Petrol,Manual,2850
Ford,Fiesta,2012,3.4,168801,Petrol,Manual,5200
Ford,Focus,2026,2.2,3776,Hybrid,Manual,23490
Toyota,RAV4,2022,4.3,56172,Petrol,Manual,22750
Ford,Fiesta,2008,4.5,214001,Petrol,Automatic,8200
Mercedes,A-Class,2011,3.2,182867,Hybrid,Automatic,17930
Kia,Cerato,2012,3.1,158816,Petrol,Automatic,5160
Nissan,Patrol,2021,2.7,57099,Petrol,Automatic,17460
Kia,Sportage,2018,1.6,91229,Electric,Manual,11070
Audi,A4,2005,3.6,257889,Petrol,Automatic,6740
Kia,Sorento,2019,4.3,66378,Petrol,Automatic,18900
Nissan,Altima,2013,4.5,158500,Diesel,Manual,12050
Nissan,X-Trail,2026,3.1,4888,Electric,Manual,26200
Toyota,Camry,2026,2.9,0,Hybrid,Automatic,27150
Hyundai,Santa Fe,2021,3.5,49867,Petrol,Manual,15930
Kia,Sportage,2013,4.1,166160,Diesel,Automatic,10440
Audi,A3,2018,1.4,94918,Petrol,Manual,13780
Audi,A4,2021,1.3,62491,Diesel,Automatic,21320
Toyota,RAV4,2006,3.9,234434,Petrol,Automatic,5460
Hyundai,Tucson,2018,3.6,84047,Petrol,Manual,14610
Mercedes,GLC,2020,1.5,87263,Petrol,Manual,18450
Hyundai,Santa Fe,2008,2.4,218665,Electric,Manual,800
Mercedes,E-Class,2009,1.2,207393,Petrol,Automatic,6130
Honda,CR-V,2023,4.1,25246,Petrol,Automatic,29470
Audi,A4,2005,2.1,247393,Petrol,Automatic,3590
Ford,Focus,2018,3.2,103889,Petrol,Automatic,14750
Nissan,Altima,2014,4.4,146383,Hybrid,Manual,14940
Suzuki,Swift,2019,3.7,86061,Hybrid,Automatic,16610
Suzuki,Wagon R,2006,3.0,243448,Diesel,Automatic,800
Kia,Picanto,2026,3.9,3421,Petrol,Automatic,24240
Ford,Focus,2025,2.3,14587,Diesel,Automatic,17420
BMW,X5,2013,3.8,144095,Hybrid,Manual,20560
Honda,Jazz,2008,4.5,221996,Diesel,Automatic,9470
Suzuki,Alto,2017,1.5,118177,Petrol,Automatic,5210
Hyundai,Sonata,2021,3.6,57688,Petrol,Automatic,20630
Kia,Sorento,2015,1.8,130896,Petrol,Automatic,3580
Suzuki,Alto,2020,3.6,66366,Petrol,Automatic,15850
Audi,A4,2017,1.8,107938,Petrol,Manual,14640
Suzuki,Baleno,2020,4.7,80462,Petrol,Automatic,17180
Suzuki,Baleno,2014,1.5,122447,Hybrid,Automatic,2210
Audi,Q3,2014,1.6,138492,Hybrid,Automatic,16900
Mercedes,A-Class,2007,2.6,234331,Petrol,Automatic,8050
Hyundai,Elantra,2014,2.2,146547,Petrol,Automatic,6180
Toyota,Corolla,2013,1.5,161137,Hybrid,Automatic,7120
BMW,X5,2012,4.0,170490,Petrol,Automatic,19470
Toyota,RAV4,2021,2.0,56183,Hybrid,Manual,16820
Mercedes,A-Class,2008,2.9,213638,Diesel,Automatic,13390
Nissan,Altima,2024,2.5,22560,Petrol,Manual,17590
Mercedes,C-Class,2006,2.4,242908,Petrol,Automatic,6230
Mercedes,A-Class,2006,1.7,255123,Diesel,Automatic,3690
Mercedes,A-Class,2009,3.2,205517,Diesel,Manual,8990
Nissan,Patrol,2010,2.0,207927,Petrol,Manual,800
Honda,Accord,2019,1.9,75978,Diesel,Automatic,11520
BMW,3 Series,2011,3.6,186769,Petrol,Automatic,15340
Suzuki,Swift,2009,1.1,195733,Diesel,Automatic,800
Audi,A3,2010,3.1,182404,Petrol,Automatic,12630
Mercedes,A-Class,2018,5.0,91091,Hybrid,Automatic,32240
Mercedes,GLC,2023,3.0,29879,Petrol,Automatic,28090
Nissan,Altima,2017,3.9,104415,Petrol,Manual,12600
Audi,A3,2022,1.3,40440,Petrol,Manual,19580
Suzuki,Alto,2019,5.0,91085,Diesel,Automatic,21330
Honda,Accord,2020,4.0,71181,Diesel,Automatic,21620
Nissan,Altima,2025,4.9,15056,Petrol,Manual,24980
Hyundai,Sonata,2017,4.1,103014,Petrol,Manual,13000
Mercedes,GLC,2026,3.9,0,Diesel,Automatic,36390
Honda,City,2009,3.7,203031,Hybrid,Automatic,8920
Ford,Fiesta,2020,3.0,78342,Diesel,Automatic,17380
Mercedes,GLA,2013,3.8,159377,Petrol,Manual,18310
Kia,Cerato,2022,4.7,56875,Petrol,Automatic,25850
Honda,Accord,2019,4.3,86299,Petrol,Manual,17260
Toyota,Fortuner,2014,2.7,145976,Petrol,Manual,6090
Suzuki,Swift,2007,3.6,226751,Diesel,Manual,800
Toyota,Fortuner,2012,1.5,161750,Hybrid,Automatic,5700
Hyundai,Elantra,2017,2.1,107161,Hybrid,Manual,9060
Kia,Cerato,2025,1.4,3594,Petrol,Automatic,16560
BMW,X1,2016,2.0,134279,Diesel,Automatic,17440
Nissan,Altima,2017,3.7,109433,Petrol,Manual,15390
Nissan,Juke,2012,2.3,160086,Hybrid,Manual,6750
Kia,Sorento,2019,5.0,98708,Petrol,Automatic,20250
Hyundai,i10,2009,2.9,193552,Petrol,Automatic,2570
Nissan,X-Trail,2018,2.1,98505,Hybrid,Automatic,10840
BMW,1 Series,2016,1.4,124634,Petrol,Manual,13090
Toyota,Camry,2025,4.8,4954,Hybrid,Automatic,33500
Suzuki,Baleno,2007,2.6,228202,Petrol,Automatic,800
Honda,Accord,2023,1.8,51815,Diesel,Manual,13920
Kia,Cerato,2019,4.2,83860,Diesel,Manual,12440
Kia,Cerato,2026,3.5,4644,Hybrid,Manual,22430
Hyundai,Sonata,2025,3.1,18064,Diesel,Automatic,21720
Hyundai,i10,2017,1.9,97474,Petrol,Automatic,7900
Audi,A4,2014,4.5,127882,Petrol,Automatic,23900
Nissan,Sunny,2006,2.9,227711,Petrol,Manual,800
Toyota,Camry,2017,1.1,102099,Diesel,Manual,5700
Hyundai,Sonata,2025,3.3,10122,Petrol,Manual,19680
BMW,1 Series,2007,4.7,215232,Petrol,Manual,14380
Honda,Accord,2018,3.5,88804,Hybrid,Manual,17000
BMW,1 Series,2010,3.8,181185,Diesel,Manual,13280
Audi,Q3,2026,2.4,4183,Petrol,Automatic,29720
Hyundai,Elantra,2025,1.1,15530,Diesel,Automatic,17590
Kia,Picanto,2009,1.9,208474,Petrol,Automatic,800
Toyota,Camry,2023,3.0,40917,Diesel,Automatic,21140
BMW,1 Series,2016,4.6,120206,Diesel,Automatic,27750
Mercedes,E-Class,2021,3.4,55896,Petrol,Automatic,29190
Nissan,X-Trail,2011,3.5,189574,Hybrid,Manual,6490
Audi,Q5,2007,1.9,225300,Petrol,Manual,800
Honda,Jazz,2018,1.9,105567,Petrol,Automatic,12780
Kia,Picanto,2015,3.2,145851,Hybrid,Manual,7880
Nissan,X-Trail,2026,3.4,5597,Petrol,Manual,21670
Mercedes,C-Class,2009,4.7,202710,Diesel,Manual,16610
Ford,Mustang,2013,2.2,165039,Petrol,Automatic,2990
Hyundai,Tucson,2013,3.0,156640,Petrol,Automatic,6350
Mercedes,A-Class,2014,2.7,146036,Hybrid,Automatic,19370
Audi,Q3,2021,4.8,57339,Petrol,Automatic,29950
Mercedes,E-Class,2007,5.0,224429,Diesel,Automatic,18190
Audi,A6,2010,3.3,196692,Petrol,Automatic,16250
Ford,Mustang,2023,1.6,39119,Petrol,Automatic,17030
Mercedes,GLA,2021,4.0,55489,Petrol,Automatic,32170
Kia,Cerato,2025,1.2,12397,Diesel,Manual,12140
Ford,Mustang,2022,3.2,49877,Petrol,Manual,18390
Suzuki,Baleno,2008,2.2,222247,Petrol,Automatic,800
Suzuki,Swift,2010,1.1,184528,Hybrid,Automatic,800
Suzuki,Alto,2021,4.8,56794,Hybrid,Automatic,18560
Suzuki,Baleno,2021,2.1,66597,Petrol,Automatic,12030
Honda,Civic,2012,1.0,176111,Diesel,Automatic,800
Audi,A6,2015,4.8,132044,Petrol,Automatic,22100
Suzuki,Alto,2011,4.0,187230,Diesel,Automatic,7050
Audi,A3,2021,1.7,68761,Petrol,Manual,18180
Audi,Q3,2014,3.6,144582,Petrol,Automatic,20600
Honda,Jazz,2012,1.0,165637,Hybrid,Automatic,4580
Ford,Escape,2021,1.5,56174,Hybrid,Automatic,14760
Ford,Fiesta,2021,4.0,63323,Petrol,Manual,18270
Ford,Mustang,2013,1.6,156797,Petrol,Automatic,5950
Nissan,Sunny,2024,2.8,12510,Electric,Automatic,26460
Suzuki,Cultus,2010,2.5,196073,Petrol,Manual,800
BMW,X1,2024,1.4,16977,Petrol,Automatic,24330
Toyota,Corolla,2012,1.7,175120,Hybrid,Automatic,6780
BMW,X1,2021,3.9,60084,Petrol,Manual,27770
Hyundai,Santa Fe,2011,1.5,174337,Petrol,Manual,800
Kia,Cerato,2005,3.0,247916,Petrol,Automatic,800
Hyundai,Elantra,2013,2.0,148507,Diesel,Automatic,2520
BMW,X1,2023,2.7,39307,Diesel,Automatic,28130
Kia,Stonic,2023,2.5,32122,Petrol,Automatic,17620
Honda,City,2015,4.9,132017,Hybrid,Automatic,20230
Audi,Q5,2025,3.3,17291,Petrol,Automatic,31960
BMW,5 Series,2026,5.0,0,Petrol,Manual,36970
Hyundai,Santa Fe,2023,2.2,20884,Petrol,Automatic,20860
BMW,X5,2025,4.1,8544,Electric,Manual,36730
Kia,Sportage,2021,3.2,46073,Diesel,Manual,15360
BMW,X5,2005,5.0,255082,Petrol,Manual,12500
Audi,A4,2026,2.4,881,Petrol,Manual,27730
Toyota,Fortuner,2005,2.6,263300,Petrol,Automatic,800
BMW,3 Series,2012,1.5,170018,Diesel,Automatic,8420
Honda,Accord,2017,4.1,96242,Petrol,Manual,14170
Ford,Escape,2012,3.8,163604,Hybrid,Manual,8970
Hyundai,Elantra,2018,4.5,103073,Petrol,Manual,13150
Nissan,Juke,2007,3.7,236086,Hybrid,Automatic,4660
Hyundai,i10,2022,4.7,54943,Diesel,Automatic,27140
Ford,Explorer,2014,3.6,136939,Petrol,Automatic,12260
Mercedes,GLC,2010,2.7,198308,Hybrid,Manual,11940
Mercedes,GLC,2023,1.1,44436,Diesel,Automatic,22050
Nissan,Juke,2008,1.8,227826,Petrol,Automatic,800
Audi,A3,2010,1.9,193913,Petrol,Manual,6870
Ford,Explorer,2009,3.3,203160,Electric,Automatic,10870
Hyundai,Santa Fe,2011,2.2,188866,Diesel,Manual,800
Ford,Fiesta,2018,2.5,92233,Diesel,Automatic,11010
Honda,Civic,2021,1.9,67266,Petrol,Automatic,13460
Suzuki,Swift,2020,3.9,86166,Petrol,Automatic,16080
Toyota,Camry,2026,2.5,11694,Diesel,Manual,21750
Honda,CR-V,2025,4.8,5523,Hybrid,Automatic,34470
Toyota,RAV4,2022,3.6,45510,Diesel,Manual,19080
Mercedes,E-Class,2006,4.8,238581,Petrol,Automatic,16500
Toyota,Yaris,2011,4.9,182027,Hybrid,Manual,12630
Hyundai,Santa Fe,2006,1.0,253022,Diesel,Manual,800
Hyundai,Santa Fe,2008,1.7,219191,Petrol,Manual,800
Hyundai,Elantra,2005,1.4,259138,Petrol,Automatic,800
Mercedes,C-Class,2025,3.1,0,Diesel,Manual,28220
Nissan,Altima,2025,3.7,11761,Petrol,Automatic,26560
Hyundai,Sonata,2021,1.1,59961,Petrol,Manual,8020
Ford,Explorer,2022,4.6,43986,Petrol,Automatic,24930
Audi,Q5,2024,1.9,19599,Hybrid,Manual,27540
BMW,5 Series,2010,1.0,191474,Petrol,Automatic,7530
Mercedes,GLA,2012,4.5,179105,Petrol,Automatic,22380
Honda,City,2014,1.4,138651,Petrol,Manual,4580
Ford,Explorer,2018,1.7,88555,Petrol,Automatic,8530
Ford,Fiesta,2009,2.7,197371,Petrol,Automatic,4070
Honda,Civic,2007,4.9,237405,Petrol,Automatic,8150
Kia,Sorento,2014,4.4,144039,Petrol,Automatic,10840
Nissan,Sunny,2007,4.9,232043,Diesel,Automatic,6860
Suzuki,Alto,2006,4.9,226854,Diesel,Automatic,3250
Audi,A3,2012,2.4,158403,Diesel,Automatic,14350
Suzuki,Alto,2012,3.7,168791,Hybrid,Manual,2990
Ford,Focus,2025,4.8,20150,Diesel,Manual,25760
Suzuki,Baleno,2006,1.6,243869,Petrol,Automatic,800
Toyota,Corolla,2007,5.0,222338,Hybrid,Automatic,13990
Suzuki,Alto,2018,2.3,89037,Diesel,Automatic,7460
Toyota,Camry,2017,3.0,118196,Petrol,Automatic,15270
Suzuki,Swift,2025,3.3,10879,Hybrid,Automatic,23120
Suzuki,Cultus,2026,3.1,7396,Hybrid,Automatic,22730
Mercedes,A-Class,2006,1.2,231510,Petrol,Automatic,4410
Mercedes,GLA,2022,2.1,43738,Diesel,Manual,23790
Toyota,Fortuner,2026,3.4,0,Petrol,Manual,24120
Honda,CR-V,2025,1.0,7643,Diesel,Automatic,16110
Hyundai,Tucson,2010,2.7,185851,Petrol,Manual,800
Mercedes,GLA,2016,2.0,112436,Petrol,Automatic,18000
Honda,CR-V,2018,4.2,96098,Diesel,Manual,14860
Kia,Sportage,2026,2.7,0,Hybrid,Automatic,24570
Honda,Accord,2013,2.1,161122,Hybrid,Automatic,7710
Nissan,Juke,2021,2.7,61735,Petrol,Manual,13140
Audi,Q5,2025,2.0,13331,Diesel,Automatic,25510
Suzuki,Baleno,2020,2.4,62302,Petrol,Automatic,12300
Audi,Q3,2011,4.0,193362,Hybrid,Manual,16450
Nissan,X-Trail,2023,2.7,34735,Petrol,Manual,16480
Honda,Jazz,2010,3.2,195949,Petrol,Automatic,8920
Honda,Civic,2017,4.6,97408,Petrol,Automatic,22380
Kia,Sportage,2026,4.1,1567,Petrol,Automatic,24030
Nissan,Sunny,2018,3.5,95339,Diesel,Automatic,14790
Hyundai,Elantra,2013,1.8,159922,Electric,Manual,4530
Nissan,Juke,2012,1.2,174265,Hybrid,Automatic,2460
Nissan,Juke,2026,2.3,3145,Petrol,Manual,18430
Honda,CR-V,2021,4.6,57335,Electric,Automatic,30220
Toyota,Fortuner,2008,2.5,205911,Diesel,Automatic,3230
BMW,X5,2016,1.2,114462,Electric,Automatic,19910
Ford,Focus,2021,2.5,59178,Diesel,Manual,18040
Ford,Focus,2021,3.0,46508,Petrol,Manual,17160
BMW,X5,2012,4.8,153786,Petrol,Manual,16990
Hyundai,Tucson,2023,4.0,43503,Hybrid,Manual,22760
BMW,5 Series,2013,1.1,160678,Petrol,Automatic,10910
BMW,1 Series,2023,5.0,20096,Hybrid,Manual,33260
Kia,Stonic,2026,4.3,0,Petrol,Automatic,26330
BMW,3 Series,2008,1.4,213341,Diesel,Automatic,5870
Suzuki,Wagon R,2017,2.6,110289,Diesel,Automatic,8460
Hyundai,Santa Fe,2012,3.9,172183,Hybrid,Manual,8840
Kia,Picanto,2022,1.3,43935,Diesel,Automatic,12420
Ford,Fiesta,2014,1.8,159163,Petrol,Automatic,3750
Mercedes,GLA,2007,1.7,238968,Petrol,Automatic,7860
BMW,X1,2016,4.2,131498,Petrol,Manual,21860
Hyundai,Santa Fe,2010,1.3,177224,Petrol,Automatic,800
Ford,Fiesta,2025,2.3,13814,Diesel,Automatic,20930
Nissan,Patrol,2024,1.8,0,Diesel,Automatic,16040
Honda,Civic,2026,2.0,0,Hybrid,Automatic,23530
Mercedes,A-Class,2025,2.0,37438,Petrol,Automatic,24400
Audi,Q5,2017,2.3,97316,Diesel,Manual,18480
Hyundai,i10,2017,2.1,93132,Petrol,Manual,4840
Suzuki,Wagon R,2014,1.7,153058,Petrol,Manual,800
Mercedes,GLA,2020,4.9,59991,Petrol,Manual,30930
Nissan,Patrol,2026,1.3,9187,Diesel,Automatic,16160
Suzuki,Swift,2020,4.1,44730,Hybrid,Automatic,19040
Ford,Explorer,2016,1.1,121060,Diesel,Automatic,5640
Suzuki,Wagon R,2008,3.5,220681,Petrol,Automatic,4130
Suzuki,Cultus,2017,2.1,109365,Diesel,Automatic,5860
Nissan,Patrol,2010,2.2,187857,Petrol,Automatic,2950
BMW,X1,2015,1.6,142997,Hybrid,Automatic,14850
Honda,Jazz,2019,2.0,87136,Petrol,Manual,10840
Toyota,Camry,2017,2.6,104239,Hybrid,Automatic,17140
Nissan,Sunny,2013,4.3,148307,Petrol,Manual,9210
Suzuki,Alto,2021,3.6,64579,Petrol,Automatic,15520
Suzuki,Cultus,2009,3.6,207507,Petrol,Automatic,800
Kia,Sportage,2006,1.6,224877,Petrol,Automatic,800
Toyota,Yaris,2008,2.1,207124,Diesel,Manual,800
Nissan,X-Trail,2015,5.0,139411,Petrol,Automatic,15240
Kia,Sportage,2005,3.7,251909,Petrol,Automatic,1160
Hyundai,i10,2019,2.5,88557,Petrol,Automatic,14520
Hyundai,Elantra,2015,3.8,125268,Hybrid,Automatic,14980
Nissan,X-Trail,2025,4.3,21593,Hybrid,Automatic,29250
Suzuki,Swift,2008,3.0,213700,Hybrid,Automatic,3710
BMW,X5,2026,3.8,1420,Diesel,Manual,34100
Audi,A3,2014,4.3,154249,Hybrid,Automatic,22670
Nissan,Sunny,2019,4.6,90260,Hybrid,Manual,23050
Suzuki,Baleno,2009,1.7,210629,Petrol,Manual,800
Audi,A6,2013,4.5,154266,Petrol,Manual,19610
Mercedes,A-Class,2022,1.0,45376,Electric,Automatic,25410
Kia,Sorento,2017,1.3,106082,Petrol,Automatic,7100
Toyota,Fortuner,2021,1.9,61626,Petrol,Manual,14020
Ford,Explorer,2007,4.6,229102,Petrol,Manual,4480
Kia,Sorento,2026,4.5,0,Petrol,Manual,25200
BMW,1 Series,2006,1.2,241376,Petrol,Automatic,1670
Nissan,Juke,2019,2.4,74709,Hybrid,Manual,13460
Honda,City,2019,1.3,72131,Hybrid,Automatic,14890
Kia,Sorento,2005,3.9,244891,Petrol,Automatic,800
Honda,Jazz,2020,2.5,67072,Petrol,Automatic,16530
Suzuki,Cultus,2021,1.8,48413,Hybrid,Automatic,10270
Ford,Explorer,2005,1.5,267261,Diesel,Manual,800
Mercedes,E-Class,2009,4.9,207500,Diesel,Manual,16490
Suzuki,Baleno,2015,1.0,128840,Petrol,Automatic,800
Audi,A3,2010,2.3,190347,Petrol,Manual,8540
BMW,X5,2011,3.9,181447,Petrol,Manual,16320
Hyundai,Elantra,2024,1.7,16270,Petrol,Manual,16540
Mercedes,GLA,2010,3.5,193800,Diesel,Manual,13840
Kia,Cerato,2021,4.2,51972,Petrol,Manual,19330
Ford,Focus,2017,2.8,114106,Petrol,Automatic,11250
Toyota,RAV4,2025,2.3,20515,Hybrid,Automatic,20810
Nissan,X-Trail,2026,2.4,4908,Electric,Automatic,26110
Nissan,X-Trail,2022,2.7,30381,Diesel,Manual,18440
Audi,Q3,2005,1.1,246913,Hybrid,Automatic,800
Toyota,Yaris,2005,3.9,251504,Diesel,Automatic,4950
Ford,Focus,2024,1.7,19730,Petrol,Automatic,16560
Hyundai,Elantra,2026,2.8,15914,Petrol,Automatic,22720
Mercedes,C-Class,2011,1.6,171584,Petrol,Manual,7150
Honda,Jazz,2016,1.1,123992,Petrol,Manual,4740
BMW,X5,2013,1.8,148293,Petrol,Manual,11570
Toyota,Corolla,2017,3.0,87258,Petrol,Manual,16400
Mercedes,A-Class,2015,4.7,114377,Hybrid,Manual,24140
Toyota,Corolla,2018,2.7,101691,Hybrid,Automatic,16900
Toyota,Corolla,2014,1.1,139849,Petrol,Manual,3840
Hyundai,Sonata,2012,3.5,167647,Hybrid,Manual,6770
BMW,5 Series,2011,4.7,181396,Diesel,Manual,19690
Nissan,Altima,2007,4.6,226286,Petrol,Automatic,7530
BMW,1 Series,2009,1.3,194974,Petrol,Manual,6920
Toyota,Camry,2018,3.4,93885,Petrol,Automatic,18750
Hyundai,i10,2009,4.0,207279,Diesel,Manual,4080
Mercedes,C-Class,2026,4.4,5888,Petrol,Automatic,34310
BMW,1 Series,2016,3.9,133397,Hybrid,Automatic,24580
Honda,CR-V,2011,4.2,175883,Petrol,Automatic,13470
Audi,Q3,2023,3.1,30866,Diesel,Manual,25800
Mercedes,GLC,2006,2.4,226713,Petrol,Automatic,8980
Kia,Sportage,2008,3.8,216580,Petrol,Automatic,4770
Hyundai,i10,2026,1.9,0,Hybrid,Manual,15880
BMW,3 Series,2023,4.4,49688,Petrol,Manual,30920
Toyota,Fortuner,2010,3.0,171141,Diesel,Manual,6270
Suzuki,Alto,2015,1.6,140077,Hybrid,Automatic,3750
BMW,X1,2014,2.1,142627,Electric,Automatic,19000
Hyundai,Sonata,2007,4.1,234787,Petrol,Automatic,2660
Mercedes,GLC,2007,3.0,239923,Petrol,Automatic,9360
Mercedes,C-Class,2025,4.5,23286,Petrol,Manual,32920
Honda,CR-V,2015,4.6,126995,Electric,Automatic,22550
Hyundai,Tucson,2012,2.2,167933,Petrol,Automatic,2700
Honda,Jazz,2013,3.7,156164,Petrol,Automatic,11530
Honda,Civic,2025,5.0,6697,Petrol,Automatic,32350
Honda,Civic,2013,3.4,154747,Diesel,Manual,6510
Suzuki,Baleno,2024,1.6,33086,Petrol,Automatic,14350
Honda,CR-V,2018,4.9,89175,Diesel,Manual,20300
BMW,X5,2016,2.7,128058,Petrol,Manual,17780
BMW,5 Series,2007,4.5,219084,Petrol,Automatic,15960
Mercedes,GLA,2010,1.3,192412,Petrol,Manual,6990
Audi,A3,2025,2.6,14987,Petrol,Automatic,33530
Hyundai,Tucson,2007,3.0,233948,Hybrid,Automatic,800
Hyundai,Sonata,2018,4.4,100979,Petrol,Manual,13930
Suzuki,Cultus,2005,3.8,252593,Petrol,Manual,800
Mercedes,E-Class,2010,3.7,182838,Petrol,Automatic,16790
Toyota,Yaris,2025,1.9,24564,Diesel,Manual,15880
Mercedes,GLC,2012,2.0,155055,Electric,Automatic,17200
Toyota,Yaris,2021,5.0,64533,Petrol,Manual,24390
Ford,Mustang,2015,2.0,147587,Diesel,Automatic,5730
Nissan,Juke,2005,4.9,249979,Petrol,Automatic,5970
Ford,Explorer,2012,2.0,164516,Hybrid,Manual,5860
Toyota,Corolla,2019,2.8,69730,Petrol,Automatic,17780
Toyota,Camry,2010,3.3,192241,Diesel,Manual,6030
Ford,Focus,2019,3.4,93506,Diesel,Manual,15500
Ford,Escape,2009,1.6,197465,Diesel,Automatic,1900
BMW,5 Series,2006,4.9,245873,Petrol,Manual,13900
Honda,Jazz,2009,2.2,201930,Petrol,Manual,800
Mercedes,GLC,2011,3.8,172463,Petrol,Manual,18770
Audi,Q3,2005,3.0,246714,Hybrid,Manual,7180
Nissan,X-Trail,2019,2.0,80877,Petrol,Automatic,10350
Audi,A4,2011,4.5,191884,Hybrid,Manual,18400
Honda,Accord,2014,4.5,147082,Hybrid,Manual,14750
Mercedes,E-Class,2007,1.4,219775,Petrol,Automatic,3520
Nissan,X-Trail,2018,3.5,94550,Diesel,Automatic,15720
Ford,Escape,2012,2.7,182064,Diesel,Automatic,5580
BMW,1 Series,2025,3.4,22882,Petrol,Automatic,31780
Suzuki,Swift,2005,4.9,230619,Petrol,Manual,2550
Mercedes,A-Class,2011,4.2,189937,Petrol,Manual,16500
Suzuki,Swift,2023,1.4,38724,Petrol,Automatic,12550
Hyundai,Sonata,2007,1.9,232869,Petrol,Automatic,800
Mercedes,A-Class,2008,1.4,228975,Petrol,Automatic,7390
Audi,A4,2005,2.0,249425,Petrol,Manual,800
Hyundai,Elantra,2009,4.7,200996,Diesel,Manual,8010
Hyundai,i10,2018,1.2,96623,Diesel,Automatic,7570
Mercedes,C-Class,2025,3.8,17689,Petrol,Manual,30150
Suzuki,Alto,2021,2.3,59618,Petrol,Manual,8950
Audi,A6,2008,2.2,213267,Electric,Automatic,11160
Ford,Mustang,2025,2.5,5856,Electric,Automatic,25610
Mercedes,E-Class,2020,4.6,72944,Hybrid,Manual,31820
Nissan,Patrol,2025,2.9,22008,Hybrid,Manual,22250
Hyundai,Santa Fe,2015,2.7,127526,Petrol,Automatic,9860
Hyundai,Elantra,2007,2.8,231307,Hybrid,Automatic,800
Suzuki,Alto,2012,2.4,171315,Hybrid,Automatic,4220
Suzuki,Cultus,2022,1.2,49677,Hybrid,Automatic,11430
Nissan,Altima,2015,1.5,129676,Diesel,Manual,5420
Mercedes,GLC,2006,1.5,230628,Petrol,Manual,1190
Suzuki,Wagon R,2014,1.6,149435,Hybrid,Manual,800
Toyota,Yaris,2013,4.4,133326,Hybrid,Automatic,16220
Kia,Sorento,2005,2.5,246738,Petrol,Automatic,800
BMW,3 Series,2010,2.1,191940,Diesel,Automatic,9340
Nissan,Patrol,2009,4.2,213360,Electric,Manual,7490
Ford,Escape,2013,2.3,167899,Petrol,Manual,3330
Audi,A3,2012,1.4,155175,Petrol,Automatic,9250
Honda,Civic,2014,2.1,142866,Hybrid,Automatic,9850
BMW,X5,2011,4.6,183065,Petrol,Manual,19130
Suzuki,Baleno,2026,3.7,0,Diesel,Automatic,24550
Mercedes,GLC,2010,2.6,197133,Diesel,Automatic,10110
Toyota,RAV4,2016,2.5,124989,Petrol,Manual,7600
Ford,Fiesta,2006,2.5,253469,Petrol,Automatic,800
Toyota,RAV4,2019,3.9,82877,Hybrid,Manual,23390
Toyota,Yaris,2019,3.3,83084,Diesel,Automatic,17560
Honda,City,2025,1.6,9135,Diesel,Automatic,19160
Toyota,Fortuner,2011,4.1,181590,Electric,Automatic,16860
Nissan,Sunny,2018,2.1,87648,Petrol,Automatic,10330
Nissan,Juke,2017,1.7,94712,Electric,Automatic,12380
BMW,X1,2015,1.1,142999,Diesel,Manual,11070
Nissan,Juke,2006,4.0,259552,Diesel,Manual,800
Ford,Mustang,2025,1.6,18494,Diesel,Automatic,17760
Nissan,Juke,2016,5.0,106830,Petrol,Automatic,19290
Toyota,RAV4,2017,1.8,122182,Electric,Manual,9980
Mercedes,A-Class,2012,1.5,154224,Petrol,Manual,11250
Ford,Focus,2012,1.8,171511,Petrol,Manual,800
BMW,5 Series,2011,3.1,176274,Diesel,Automatic,13690
BMW,X1,2012,2.7,180923,Petrol,Automatic,13170
Kia,Sorento,2020,3.7,83998,Petrol,Automatic,17650
Toyota,Fortuner,2021,4.8,50829,Petrol,Manual,20990
Mercedes,GLA,2011,3.5,188975,Petrol,Manual,14490
Honda,Civic,2023,4.7,34291,Diesel,Automatic,28830
Nissan,X-Trail,2020,3.8,61041,Petrol,Automatic,22630
Kia,Stonic,2022,5.0,39969,Diesel,Automatic,24030
Mercedes,GLA,2006,4.0,238995,Petrol,Automatic,12080
Nissan,X-Trail,2018,4.0,93046,Petrol,Automatic,16720
Ford,Focus,2012,2.0,171911,Petrol,Automatic,6670
Mercedes,GLA,2026,3.3,0,Diesel,Automatic,33320
Kia,Picanto,2019,1.2,83618,Diesel,Automatic,8760
Ford,Mustang,2026,2.5,0,Diesel,Automatic,21490
Kia,Stonic,2026,3.4,12455,Petrol,Automatic,21710
Toyota,RAV4,2010,2.1,183158,Petrol,Automatic,1630
BMW,3 Series,2022,3.3,44996,Petrol,Automatic,28720
Suzuki,Cultus,2022,3.3,51075,Petrol,Manual,13140
Ford,Mustang,2023,1.1,40892,Petrol,Automatic,15600
Hyundai,Sonata,2005,4.9,248878,Diesel,Manual,2580
Honda,City,2022,1.2,48353,Petrol,Manual,11630
Nissan,Patrol,2010,3.1,183955,Hybrid,Automatic,7680
Kia,Stonic,2016,4.0,99538,Hybrid,Automatic,16570
Toyota,Fortuner,2021,2.8,50893,Petrol,Manual,17380
Suzuki,Swift,2025,5.0,11171,Diesel,Manual,24660
Suzuki,Alto,2016,1.1,125058,Diesel,Automatic,800
Kia,Sorento,2025,2.9,27098,Petrol,Automatic,19750
Kia,Sportage,2018,1.9,109188,Petrol,Manual,6120
Honda,Civic,2022,4.0,48610,Hybrid,Automatic,24630
Mercedes,C-Class,2015,1.9,120460,Electric,Manual,20120
Mercedes,A-Class,2015,2.1,122301,Petrol,Manual,13770
Toyota,Corolla,2006,2.5,226351,Petrol,Automatic,800
Mercedes,C-Class,2024,1.0,22992,Petrol,Manual,22460
Kia,Cerato,2016,4.8,108946,Diesel,Automatic,16220
Hyundai,Tucson,2013,3.1,146371,Petrol,Manual,4410
BMW,3 Series,2011,4.9,183729,Hybrid,Automatic,21090
Audi,Q5,2021,4.1,78622,Petrol,Manual,27190
BMW,X1,2020,3.3,65260,Diesel,Automatic,25910
Hyundai,Santa Fe,2011,2.3,168619,Petrol,Manual,870
Kia,Picanto,2023,1.2,34160,Petrol,Automatic,10710
Honda,Accord,2014,1.6,145518,Diesel,Automatic,4660
Nissan,Patrol,2018,4.6,95272,Diesel,Manual,16570
Nissan,Altima,2019,1.0,93596,Hybrid,Manual,9410
Kia,Sorento,2022,2.8,62806,Petrol,Automatic,16170
Audi,A3,2026,2.7,4970,Diesel,Manual,24290
Ford,Escape,2022,1.6,51644,Diesel,Automatic,16740
Nissan,Patrol,2017,3.9,116696,Diesel,Automatic,14100
Ford,Mustang,2006,4.0,225063,Diesel,Automatic,7730
BMW,1 Series,2024,4.9,19524,Petrol,Automatic,35040
Honda,City,2014,4.2,149922,Petrol,Automatic,13860
Mercedes,A-Class,2015,1.0,132273,Petrol,Automatic,12230
Kia,Sorento,2008,1.0,219765,Electric,Automatic,800
Mercedes,E-Class,2023,2.7,41656,Petrol,Manual,24920
Audi,A4,2019,2.3,79146,Diesel,Automatic,21270
Hyundai,Santa Fe,2006,3.0,243905,Electric,Manual,1410
Ford,Escape,2022,3.8,54138,Petrol,Automatic,24100
Audi,Q3,2018,3.2,100052,Petrol,Automatic,22720
Audi,Q5,2025,3.7,2295,Hybrid,Manual,34240
Kia,Cerato,2025,2.1,21201,Petrol,Manual,14710
Nissan,Sunny,2016,3.7,125809,Petrol,Manual,12370
Nissan,Patrol,2026,2.2,15717,Petrol,Manual,21710
Suzuki,Wagon R,2026,2.4,214,Petrol,Automatic,19030
Honda,Accord,2015,3.8,135509,Petrol,Automatic,14420
Toyota,Corolla,2023,4.2,43689,Petrol,Automatic,27660
BMW,X5,2019,3.2,81328,Petrol,Automatic,26530
BMW,3 Series,2021,4.6,67005,Petrol,Manual,28000
Honda,Civic,2026,2.3,0,Hybrid,Manual,23100
Suzuki,Baleno,2012,1.0,177917,Diesel,Automatic,800
BMW,X5,2016,3.5,109364,Diesel,Manual,19750
Nissan,Sunny,2008,4.8,218758,Diesel,Manual,4580
Kia,Sportage,2009,2.5,205488,Hybrid,Manual,800
Hyundai,Sonata,2019,3.8,72725,Hybrid,Automatic,17510
Nissan,Juke,2007,4.6,232131,Petrol,Automatic,5450
Kia,Cerato,2021,1.5,61183,Petrol,Manual,8320
Nissan,Juke,2012,2.2,163536,Hybrid,Automatic,4270
Hyundai,Tucson,2009,1.1,211272,Petrol,Automatic,800
Suzuki,Alto,2008,4.9,219479,Petrol,Automatic,7090
Toyota,Fortuner,2014,2.4,150803,Petrol,Automatic,9120
Audi,Q3,2005,1.5,253769,Petrol,Manual,800
Ford,Focus,2012,2.2,169337,Petrol,Automatic,4670
BMW,3 Series,2006,1.1,236092,Electric,Automatic,7090
Kia,Sorento,2023,3.9,36590,Petrol,Automatic,21490
Nissan,Juke,2020,4.6,76823,Petrol,Manual,18180
Kia,Cerato,2014,4.7,135423,Petrol,Automatic,13610
Toyota,Fortuner,2011,3.2,178494,Petrol,Automatic,9790
Mercedes,E-Class,2016,2.4,120588,Hybrid,Manual,20010
Ford,Escape,2014,3.2,144318,Petrol,Manual,8570
Ford,Focus,2007,1.8,216166,Hybrid,Automatic,800
Hyundai,Tucson,2018,5.0,96995,Petrol,Manual,19000
Nissan,X-Trail,2009,3.2,204912,Electric,Automatic,7320
Suzuki,Alto,2022,4.1,56500,Petrol,Automatic,19480
BMW,1 Series,2014,1.8,144330,Petrol,Manual,12850
Suzuki,Swift,2007,2.1,209266,Diesel,Manual,800
Suzuki,Swift,2011,3.4,175989,Hybrid,Automatic,4280
Hyundai,Elantra,2024,1.0,21551,Petrol,Manual,13520
Mercedes,GLC,2013,4.6,165464,Diesel,Manual,20840
Nissan,Juke,2021,3.6,64927,Petrol,Manual,18080
Honda,CR-V,2021,4.9,63681,Diesel,Automatic,28780
BMW,X5,2016,2.9,129220,Petrol,Automatic,21410
BMW,3 Series,2020,1.8,76351,Diesel,Automatic,19750
Audi,A6,2012,2.4,161192,Petrol,Automatic,11860
Mercedes,E-Class,2012,2.7,166039,Petrol,Automatic,14250
Honda,CR-V,2013,2.2,151558,Petrol,Manual,3770
Honda,Civic,2009,4.8,198156,Hybrid,Automatic,15580
Nissan,X-Trail,2016,3.7,116134,Petrol,Automatic,14270
BMW,X1,2026,3.1,0,Electric,Automatic,38300
Toyota,RAV4,2007,3.4,233383,Petrol,Automatic,5870
Nissan,X-Trail,2006,4.5,237079,Petrol,Manual,4890
Suzuki,Alto,2005,2.8,248120,Petrol,Manual,800
Hyundai,i10,2020,2.5,76449,Petrol,Manual,11090
Hyundai,Elantra,2010,2.3,202966,Petrol,Automatic,1300
Ford,Fiesta,2015,4.8,133179,Diesel,Automatic,18560
Audi,A4,2015,3.1,128299,Petrol,Manual,16650
Suzuki,Wagon R,2019,2.2,94794,Diesel,Automatic,9490
Suzuki,Alto,2018,4.5,94360,Hybrid,Manual,12500
Toyota,RAV4,2006,2.2,239444,Petrol,Automatic,800
Mercedes,GLC,2007,3.6,233570,Petrol,Manual,9400
Audi,A6,2016,4.7,114038,Petrol,Manual,23440
Suzuki,Swift,2024,4.2,17886,Petrol,Manual,22120
Nissan,Juke,2012,2.8,190435,Hybrid,Automatic,6360
Ford,Escape,2025,4.6,18478,Diesel,Automatic,29900
Toyota,Fortuner,2007,5.0,226175,Diesel,Automatic,8180
Hyundai,i10,2008,1.2,220393,Hybrid,Automatic,800
Toyota,Yaris,2013,2.7,154667,Hybrid,Manual,10470
Honda,CR-V,2025,4.4,4155,Diesel,Manual,26730
Audi,Q3,2012,1.2,161107,Hybrid,Manual,6580
Mercedes,A-Class,2017,3.8,109688,Diesel,Manual,22330
Hyundai,Santa Fe,2022,4.8,54106,Petrol,Manual,22470
Toyota,Camry,2018,3.8,90852,Petrol,Manual,16380
Audi,A4,2026,3.8,961,Petrol,Manual,33120
Ford,Escape,2009,4.2,205552,Petrol,Automatic,7350
Honda,Jazz,2024,3.6,15816,Petrol,Automatic,24230
Mercedes,E-Class,2014,3.5,144943,Electric,Manual,22730
Hyundai,Santa Fe,2012,2.9,166317,Petrol,Automatic,5960
Suzuki,Baleno,2013,5.0,147318,Petrol,Automatic,12450
Hyundai,Sonata,2021,3.0,67488,Petrol,Manual,14330
Suzuki,Cultus,2026,1.9,0,Diesel,Manual,12690
Ford,Focus,2010,3.3,194407,Petrol,Automatic,6100
Toyota,RAV4,2021,3.0,63475,Petrol,Manual,17560
Toyota,RAV4,2013,4.1,151800,Petrol,Manual,12300
Toyota,RAV4,2009,4.4,201463,Petrol,Manual,10210
Ford,Focus,2017,2.6,132933,Petrol,Manual,8370
Audi,Q5,2013,1.6,152779,Petrol,Manual,11260
Toyota,Fortuner,2016,2.6,126061,Petrol,Manual,10550
Suzuki,Cultus,2022,2.8,54024,Hybrid,Automatic,18560
Toyota,RAV4,2023,3.6,39311,Hybrid,Automatic,25250
Honda,Jazz,2017,4.4,102788,Hybrid,Manual,19560
Ford,Fiesta,2014,3.3,139534,Hybrid,Manual,10380
Mercedes,GLA,2011,1.0,190755,Petrol,Automatic,8880
Mercedes,C-Class,2010,1.3,200933,Electric,Automatic,10450
Mercedes,E-Class,2014,4.5,136344,Diesel,Automatic,23480
Mercedes,A-Class,2025,1.9,11889,Electric,Automatic,33650
Hyundai,Santa Fe,2026,1.9,6811,Petrol,Manual,17660
Kia,Cerato,2008,4.0,230782,Hybrid,Manual,2710
Audi,A3,2019,4.2,71640,Petrol,Manual,26770
Suzuki,Wagon R,2020,2.3,77983,Petrol,Manual,8330
Hyundai,i10,2018,2.0,98468,Petrol,Automatic,9610
BMW,1 Series,2019,2.8,80947,Diesel,Manual,20740
Suzuki,Baleno,2018,1.8,92718,Petrol,Automatic,7920
Honda,Jazz,2014,3.8,147645,Diesel,Automatic,15420
Ford,Fiesta,2010,3.9,167986,Petrol,Automatic,9490
Nissan,Sunny,2015,3.4,123135,Petrol,Automatic,12860
Mercedes,E-Class,2005,3.8,247028,Hybrid,Automatic,14250
Toyota,Camry,2022,4.2,55408,Petrol,Automatic,26560
Nissan,Juke,2024,1.1,24213,Petrol,Automatic,12840
BMW,3 Series,2024,1.7,20776,Diesel,Manual,23710
Audi,A4,2023,1.3,30031,Petrol,Automatic,23100
Toyota,Fortuner,2016,4.8,121974,Petrol,Manual,18520
Toyota,Corolla,2019,2.4,79133,Petrol,Automatic,16370
Toyota,RAV4,2015,4.7,112630,Petrol,Manual,16220
Mercedes,A-Class,2009,1.3,199491,Petrol,Manual,5870
Nissan,Patrol,2013,3.7,150215,Petrol,Automatic,12720
Toyota,RAV4,2008,2.4,205546,Petrol,Automatic,800
Audi,A6,2022,5.0,46259,Petrol,Automatic,32290
Suzuki,Wagon R,2019,2.6,76379,Diesel,Automatic,9350
Ford,Focus,2020,2.8,71794,Diesel,Manual,14920
Nissan,Sunny,2022,1.6,28251,Petrol,Manual,13460
Toyota,Camry,2006,3.5,234490,Petrol,Automatic,4080
Suzuki,Cultus,2007,2.0,230491,Petrol,Manual,800
Audi,Q5,2020,3.5,73067,Petrol,Automatic,26880
BMW,5 Series,2014,2.0,148432,Hybrid,Manual,13430
Ford,Escape,2024,3.9,22066,Hybrid,Automatic,25390
Kia,Sportage,2013,1.1,155482,Petrol,Automatic,800
Ford,Escape,2020,4.6,63072,Electric,Automatic,28660
Hyundai,Tucson,2008,4.6,212356,Electric,Automatic,11430
Kia,Stonic,2019,4.8,79382,Hybrid,Automatic,21230
Ford,Focus,2012,4.5,172498,Petrol,Manual,8220
Honda,Accord,2019,4.9,73915,Hybrid,Manual,23640
Kia,Cerato,2005,3.8,244195,Hybrid,Automatic,800
BMW,1 Series,2017,3.9,111737,Petrol,Manual,23470
Suzuki,Wagon R,2008,3.9,207503,Diesel,Manual,800
Ford,Explorer,2007,2.6,244554,Petrol,Manual,800
BMW,1 Series,2024,3.4,13503,Petrol,Automatic,31350
Mercedes,C-Class,2020,4.5,70475,Petrol,Manual,29970
Suzuki,Swift,2005,2.6,240021,Petrol,Automatic,800
Hyundai,i10,2010,5.0,188892,Diesel,Manual,8820
Audi,A6,2021,3.8,51188,Diesel,Automatic,28310
Kia,Cerato,2017,4.6,106676,Petrol,Automatic,17460
Mercedes,GLC,2013,1.6,155806,Petrol,Manual,11010
Toyota,RAV4,2009,3.1,197498,Petrol,Automatic,7290
Nissan,Sunny,2022,1.9,38767,Electric,Manual,15530
BMW,3 Series,2019,3.3,83966,Hybrid,Automatic,25830
Suzuki,Cultus,2010,1.4,181422,Petrol,Manual,800
Mercedes,C-Class,2005,4.5,260657,Petrol,Automatic,13780
Nissan,Sunny,2021,1.7,50972,Diesel,Automatic,13310
Nissan,Altima,2025,4.4,3215,Diesel,Manual,25580
Audi,A6,2008,3.9,215839,Hybrid,Automatic,12620
Ford,Fiesta,2012,3.9,168117,Diesel,Automatic,13490
Audi,A6,2005,2.4,259185,Diesel,Automatic,3090
Audi,Q5,2025,4.7,16745,Hybrid,Manual,36240
BMW,X1,2006,1.1,238858,Petrol,Manual,800
BMW,5 Series,2019,2.3,72577,Diesel,Manual,19910
Honda,Jazz,2024,1.3,22883,Petrol,Automatic,16420
Ford,Escape,2011,4.9,196416,Petrol,Manual,8560
Hyundai,Tucson,2017,3.2,101438,Petrol,Manual,11680
Nissan,Juke,2017,5.0,120630,Petrol,Automatic,18600
Ford,Mustang,2009,3.2,195451,Hybrid,Automatic,5770
Nissan,X-Trail,2011,2.6,179419,Diesel,Automatic,4020
Suzuki,Alto,2007,4.8,249254,Diesel,Automatic,2170
Audi,A6,2006,1.4,243407,Hybrid,Automatic,5700
Mercedes,A-Class,2025,1.8,13552,Electric,Manual,28150
Audi,A4,2026,2.5,3238,Petrol,Automatic,27860
Nissan,X-Trail,2007,4.9,232703,Diesel,Manual,3970
Nissan,Patrol,2008,3.3,221968,Hybrid,Manual,3380
BMW,5 Series,2007,4.7,229718,Petrol,Automatic,15920
Toyota,Fortuner,2014,3.6,150742,Petrol,Automatic,11040
Audi,A6,2005,1.4,248207,Petrol,Automatic,800
Kia,Sportage,2005,4.9,228824,Petrol,Automatic,6810
Mercedes,C-Class,2022,1.2,49720,Petrol,Manual,19340
Kia,Cerato,2018,4.4,108172,Petrol,Automatic,16000
Suzuki,Alto,2005,1.3,254628,Hybrid,Automatic,800
Hyundai,Sonata,2026,1.7,13048,Petrol,Automatic,18360
BMW,1 Series,2020,3.9,71526,Petrol,Automatic,31950
Nissan,Patrol,2022,2.3,57793,Diesel,Manual,13550
Suzuki,Swift,2018,1.6,99656,Hybrid,Manual,10950
Honda,City,2021,1.0,49617,Petrol,Automatic,11720
Audi,A3,2007,2.4,237977,Petrol,Manual,5950
Nissan,Juke,2023,1.4,41699,Diesel,Manual,10640
Kia,Stonic,2011,2.2,175874,Petrol,Manual,800
BMW,1 Series,2007,4.5,217181,Petrol,Manual,14210
Audi,A3,2022,4.8,58885,Petrol,Automatic,34630
Hyundai,Sonata,2021,2.9,53467,Diesel,Manual,13250
Honda,Accord,2011,3.8,171603,Petrol,Automatic,12590
Mercedes,C-Class,2009,3.3,207816,Petrol,Automatic,13270
BMW,X5,2021,1.5,63551,Petrol,Automatic,20570
Nissan,Patrol,2021,1.8,62797,Diesel,Automatic,10910
Mercedes,GLC,2005,1.6,250412,Hybrid,Automatic,3050
BMW,X1,2024,5.0,32618,Diesel,Manual,31890
BMW,X1,2014,3.2,138243,Petrol,Automatic,19610
Ford,Escape,2009,4.4,202722,Petrol,Automatic,9480
Ford,Focus,2023,2.2,40365,Petrol,Automatic,20470
Suzuki,Cultus,2017,3.3,109600,Petrol,Automatic,11310
Mercedes,C-Class,2005,3.2,246951,Diesel,Automatic,7190
Mercedes,A-Class,2018,1.6,82380,Hybrid,Automatic,22710
Ford,Focus,2011,3.9,180606,Diesel,Automatic,9670
BMW,X5,2018,2.2,87960,Hybrid,Automatic,20390
Honda,Accord,2006,1.3,244200,Hybrid,Automatic,800
Honda,Accord,2011,3.2,176633,Petrol,Automatic,6990
Honda,Civic,2009,1.1,203220,Diesel,Automatic,800
Ford,Mustang,2013,4.2,157855,Petrol,Automatic,11280
Toyota,Camry,2015,2.6,143773,Petrol,Automatic,10920
Ford,Focus,2012,4.2,158905,Petrol,Manual,8850
Suzuki,Swift,2016,1.3,130493,Hybrid,Automatic,4540
Toyota,Fortuner,2015,3.6,134195,Hybrid,Automatic,16240
Toyota,Camry,2006,3.0,242073,Petrol,Automatic,1190
Kia,Picanto,2022,1.1,51675,Petrol,Automatic,12720
Toyota,Camry,2022,4.3,45485,Petrol,Automatic,26110
BMW,X5,2020,4.4,70561,Petrol,Automatic,28520
BMW,5 Series,2016,4.8,123751,Hybrid,Automatic,27600
Toyota,Corolla,2008,4.7,209008,Petrol,Manual,7170
Nissan,Sunny,2024,3.4,19211,Petrol,Automatic,20940
Ford,Explorer,2016,4.5,125024,Petrol,Automatic,15580
Suzuki,Alto,2005,3.3,245544,Petrol,Automatic,800
Mercedes,GLA,2010,2.4,196228,Petrol,Manual,6190
Toyota,Fortuner,2010,3.8,196351,Diesel,Manual,5500
Audi,A6,2005,4.0,269964,Petrol,Automatic,11210
Honda,Accord,2006,1.7,239230,Petrol,Automatic,800
Suzuki,Cultus,2023,4.0,31310,Diesel,Automatic,17940
BMW,X5,2010,4.2,180586,Diesel,Manual,16630
Kia,Cerato,2015,2.2,112898,Petrol,Automatic,10690
Suzuki,Cultus,2015,2.5,129612,Petrol,Automatic,5820
BMW,X5,2020,4.8,67790,Petrol,Automatic,32230
Hyundai,Elantra,2018,2.0,107071,Petrol,Automatic,6990
BMW,X1,2011,1.0,195386,Petrol,Manual,6340
Suzuki,Cultus,2026,3.6,2653,Petrol,Automatic,22850
Ford,Focus,2012,4.1,162075,Diesel,Automatic,12580
Kia,Picanto,2021,1.2,63989,Electric,Automatic,13950
Audi,A4,2005,4.0,253174,Petrol,Manual,8670
Nissan,Juke,2023,1.2,44070,Diesel,Automatic,14600
Kia,Sportage,2024,3.9,29242,Diesel,Manual,20370
Hyundai,Tucson,2023,1.2,38303,Hybrid,Automatic,16820
Ford,Mustang,2012,3.1,168370,Diesel,Manual,7380
Hyundai,Tucson,2021,2.6,54385,Petrol,Manual,14880
Ford,Focus,2009,2.3,211815,Petrol,Automatic,3370
Mercedes,A-Class,2005,3.6,257670,Hybrid,Automatic,12550
Ford,Fiesta,2011,1.8,188525,Petrol,Automatic,2720
BMW,5 Series,2013,2.1,161947,Hybrid,Manual,13190
Mercedes,A-Class,2015,3.8,121253,Hybrid,Manual,23200
Hyundai,Sonata,2015,1.7,132126,Diesel,Automatic,4790
Kia,Cerato,2019,3.8,85641,Diesel,Automatic,20060
Mercedes,E-Class,2021,1.5,58189,Petrol,Manual,20890
Nissan,X-Trail,2017,2.3,107058,Petrol,Automatic,7960
Ford,Focus,2015,2.4,135665,Petrol,Manual,6180
Mercedes,E-Class,2020,2.4,83903,Petrol,Manual,20840
Hyundai,Elantra,2008,2.4,206985,Petrol,Automatic,800
BMW,3 Series,2020,1.1,62617,Petrol,Automatic,17910
Mercedes,GLC,2011,3.0,164113,Diesel,Automatic,16270
Kia,Stonic,2019,2.4,83941,Petrol,Manual,9190
Suzuki,Alto,2021,2.9,58441,Petrol,Automatic,15070
Toyota,Yaris,2022,3.6,48802,Diesel,Manual,23450
Kia,Picanto,2021,2.6,66846,Hybrid,Automatic,18160
Suzuki,Wagon R,2015,2.6,128131,Hybrid,Manual,7920
Ford,Fiesta,2015,1.6,129556,Petrol,Automatic,4970
Kia,Sorento,2008,3.7,214963,Petrol,Automatic,5330
Honda,City,2018,1.3,86332,Electric,Automatic,14510
Toyota,Yaris,2006,1.7,231479,Diesel,Automatic,800
Ford,Mustang,2013,1.6,141578,Petrol,Automatic,7190
Ford,Escape,2006,3.7,232088,Hybrid,Automatic,7050
Honda,Accord,2017,4.0,113640,Diesel,Automatic,16300
BMW,3 Series,2011,2.6,178868,Petrol,Manual,11310
BMW,X5,2009,3.2,207213,Diesel,Automatic,12440
Audi,A6,2013,5.0,170437,Electric,Automatic,25560
Suzuki,Baleno,2017,4.2,103993,Hybrid,Manual,12680
Nissan,Juke,2021,4.0,60457,Hybrid,Automatic,25090
Suzuki,Swift,2020,4.8,63187,Diesel,Manual,15480
Kia,Sorento,2012,1.3,169448,Diesel,Manual,800
Toyota,Corolla,2013,1.5,157733,Diesel,Automatic,3690
Hyundai,Sonata,2009,3.4,199329,Electric,Manual,6080
Ford,Focus,2021,3.4,56348,Petrol,Automatic,22220
Audi,A4,2012,1.8,158432,Petrol,Automatic,8830
Toyota,Corolla,2016,2.9,117054,Petrol,Automatic,14390
Nissan,X-Trail,2008,4.5,215244,Diesel,Manual,4550
Audi,A6,2006,3.8,240647,Diesel,Automatic,10390
Honda,Civic,2008,3.0,221179,Petrol,Automatic,3680
Suzuki,Swift,2011,4.2,191173,Diesel,Manual,3900
Suzuki,Swift,2017,1.9,105018,Petrol,Manual,2830
Mercedes,GLC,2008,4.2,222491,Hybrid,Manual,14090
Toyota,Fortuner,2024,2.8,12892,Petrol,Automatic,24820
Nissan,X-Trail,2022,2.7,46271,Petrol,Manual,14770
Audi,Q5,2015,2.6,141419,Petrol,Manual,16040
Hyundai,Santa Fe,2010,4.0,203228,Petrol,Manual,8090
Kia,Sorento,2005,1.5,259649,Hybrid,Automatic,800
Kia,Sportage,2018,2.7,101330,Petrol,Manual,9710
Ford,Escape,2024,4.2,17054,Petrol,Automatic,25700
Mercedes,C-Class,2010,2.2,192064,Petrol,Automatic,9790
Nissan,Altima,2009,3.7,206941,Petrol,Automatic,3150
Audi,A4,2010,3.8,186410,Petrol,Manual,13190
Mercedes,E-Class,2020,4.7,66479,Hybrid,Manual,32800
Kia,Sportage,2007,2.2,230189,Petrol,Automatic,800
Ford,Escape,2022,3.1,55676,Diesel,Automatic,17130
Audi,Q5,2016,2.1,110787,Petrol,Manual,14370
Audi,A3,2023,1.5,14322,Petrol,Automatic,26220
Ford,Mustang,2007,4.9,225202,Hybrid,Manual,9390
Mercedes,C-Class,2019,1.0,95045,Petrol,Automatic,17660
Hyundai,Elantra,2020,2.8,78528,Hybrid,Manual,16070
Honda,Jazz,2009,3.6,201892,Diesel,Automatic,6180
Ford,Explorer,2018,4.7,100251,Diesel,Automatic,20510
Toyota,Fortuner,2025,1.0,88,Petrol,Automatic,17530
Toyota,Fortuner,2011,2.8,170913,Hybrid,Automatic,6590
Ford,Focus,2024,1.4,23059,Petrol,Automatic,14730
Toyota,Corolla,2015,2.0,128690,Electric,Manual,8170
BMW,X1,2005,4.7,258417,Hybrid,Automatic,14440
Ford,Explorer,2009,1.1,215764,Hybrid,Automatic,800
Honda,CR-V,2011,1.7,168666,Petrol,Automatic,2460
Honda,Accord,2019,1.8,87688,Diesel,Automatic,15380
Suzuki,Swift,2012,4.3,175149,Petrol,Manual,7440
Suzuki,Alto,2023,1.4,40398,Petrol,Manual,8720
Suzuki,Baleno,2005,3.1,245612,Diesel,Automatic,800
Audi,A4,2006,1.9,243946,Petrol,Manual,800
Ford,Explorer,2013,2.2,154573,Petrol,Automatic,7260
Audi,Q5,2012,1.8,175120,Hybrid,Manual,8430
Toyota,Camry,2021,3.0,48587,Petrol,Automatic,20450
Honda,City,2026,3.5,0,Diesel,Automatic,24430
Audi,A4,2008,4.5,224494,Petrol,Automatic,15850
Ford,Escape,2005,1.3,256519,Petrol,Automatic,800
Mercedes,GLA,2007,3.0,227988,Petrol,Manual,6660
Toyota,Fortuner,2020,1.9,64052,Petrol,Automatic,16550
Ford,Mustang,2006,2.5,250795,Petrol,Manual,800
Honda,Jazz,2021,2.9,53033,Petrol,Manual,15960
Ford,Mustang,2006,2.3,250386,Diesel,Automatic,800
Ford,Fiesta,2025,3.5,0,Petrol,Manual,21070
Mercedes,C-Class,2010,1.6,191337,Electric,Automatic,14900
Suzuki,Wagon R,2012,1.1,170875,Petrol,Automatic,800
Ford,Escape,2007,5.0,219055,Diesel,Automatic,9500
Hyundai,Santa Fe,2007,2.1,231689,Petrol,Automatic,800
BMW,X1,2011,2.0,174758,Petrol,Manual,6940
Nissan,X-Trail,2011,2.4,176413,Hybrid,Automatic,7160
Ford,Fiesta,2010,4.0,203497,Petrol,Manual,4170
Honda,Civic,2022,4.0,57494,Electric,Automatic,26860
Honda,Jazz,2024,2.3,36438,Diesel,Manual,18090
Audi,A6,2005,4.1,248762,Petrol,Manual,7240
Nissan,X-Trail,2021,4.7,77052,Petrol,Manual,18930
Honda,CR-V,2019,4.9,87163,Petrol,Manual,20730
Audi,A4,2009,3.4,213417,Petrol,Automatic,10190
Ford,Fiesta,2005,2.4,247485,Diesel,Automatic,800
BMW,X1,2009,4.6,202509,Petrol,Automatic,18270
Nissan,Juke,2009,4.4,201397,Diesel,Automatic,9270
Mercedes,GLC,2011,4.5,174116,Diesel,Automatic,21800
Nissan,Juke,2005,1.1,260407,Petrol,Manual,800
Suzuki,Baleno,2010,5.0,184742,Petrol,Automatic,9220
Hyundai,Sonata,2006,3.2,236558,Petrol,Automatic,800
Kia,Cerato,2006,1.3,237831,Petrol,Manual,800
Honda,CR-V,2016,1.3,115283,Petrol,Manual,3050
Mercedes,C-Class,2022,2.9,33706,Hybrid,Manual,27240
Nissan,Altima,2019,3.2,83619,Diesel,Manual,12550
Mercedes,GLC,2022,2.3,51363,Petrol,Automatic,25700
Mercedes,C-Class,2012,3.7,174650,Petrol,Automatic,19690
Suzuki,Swift,2024,3.4,0,Petrol,Automatic,20900
Honda,Jazz,2014,2.7,147762,Diesel,Manual,6170
Kia,Sportage,2017,4.4,115622,Diesel,Automatic,15760
BMW,1 Series,2026,3.8,0,Diesel,Automatic,33490
Hyundai,i10,2010,3.8,199713,Electric,Automatic,12740
Nissan,Sunny,2021,2.1,52452,Diesel,Automatic,15180
Toyota,Camry,2013,3.8,159381,Diesel,Automatic,12940
Audi,A3,2007,3.8,238251,Diesel,Manual,10680
Toyota,Corolla,2008,2.3,219752,Petrol,Automatic,3260
Mercedes,GLC,2005,2.9,250885,Hybrid,Automatic,12850
Audi,A3,2012,3.5,177526,Diesel,Manual,11260
Ford,Escape,2012,3.3,180561,Diesel,Automatic,9080
Hyundai,i10,2014,3.1,151011,Diesel,Automatic,7000
Nissan,Sunny,2013,3.8,153622,Petrol,Manual,11980
Hyundai,Sonata,2015,4.5,123534,Petrol,Automatic,15280
Mercedes,GLC,2006,1.2,237711,Diesel,Manual,800
Audi,Q5,2017,1.5,102711,Diesel,Automatic,13760
Nissan,Altima,2021,3.4,70309,Diesel,Automatic,18170
Suzuki,Wagon R,2011,3.1,172638,Diesel,Automatic,1210
BMW,5 Series,2015,3.9,128638,Petrol,Automatic,25370
BMW,5 Series,2009,4.8,204051,Hybrid,Automatic,19820
Toyota,Corolla,2018,1.8,100909,Diesel,Automatic,11620
BMW,3 Series,2007,2.1,226726,Electric,Manual,10330
Kia,Cerato,2025,3.2,17386,Diesel,Manual,19270
Nissan,Sunny,2025,2.4,6232,Petrol,Automatic,22890
Audi,Q5,2025,4.9,0,Electric,Automatic,40400
Audi,A4,2026,3.6,0,Electric,Automatic,37720
Mercedes,GLC,2008,4.6,208282,Petrol,Manual,12920
Hyundai,Elantra,2021,5.0,45778,Diesel,Automatic,24820
Ford,Fiesta,2025,3.3,11976,Diesel,Manual,19240
Toyota,Corolla,2008,3.4,218796,Petrol,Automatic,4070
Suzuki,Baleno,2023,4.6,28455,Petrol,Manual,19130
Kia,Cerato,2023,1.1,34770,Petrol,Automatic,12550
Toyota,Corolla,2016,4.3,118074,Petrol,Automatic,17540
BMW,X1,2006,4.7,220826,Hybrid,Manual,12390
Ford,Focus,2008,5.0,229419,Petrol,Automatic,6580
Toyota,Camry,2011,3.7,173466,Petrol,Manual,9300
Ford,Focus,2008,3.5,208967,Petrol,Manual,870
Ford,Escape,2008,3.1,210715,Diesel,Manual,800
Mercedes,GLA,2023,3.6,31109,Petrol,Automatic,30980
Toyota,Yaris,2019,1.4,80505,Petrol,Automatic,12410
Toyota,RAV4,2018,1.5,91450,Petrol,Manual,5430
Ford,Focus,2026,1.9,10691,Hybrid,Automatic,22980
Honda,City,2024,4.1,25446,Diesel,Manual,22890
Ford,Escape,2025,3.0,14009,Petrol,Automatic,23530
Honda,City,2021,1.8,65749,Petrol,Manual,12670
Mercedes,A-Class,2008,3.1,237430,Petrol,Automatic,9470
Kia,Cerato,2014,1.9,136301,Petrol,Manual,4750
Honda,City,2025,3.9,7723,Diesel,Automatic,24440
Nissan,Juke,2008,3.8,228146,Petrol,Automatic,5250
Audi,Q5,2021,4.9,76319,Petrol,Automatic,31250
Audi,Q3,2019,4.3,89682,Petrol,Automatic,27080
Kia,Stonic,2026,1.4,0,Petrol,Automatic,16990
Ford,Fiesta,2006,2.8,233004,Hybrid,Manual,800
Toyota,RAV4,2015,1.1,124849,Petrol,Manual,4000
Suzuki,Alto,2013,4.4,146858,Diesel,Automatic,10840
Kia,Stonic,2017,2.1,101397,Hybrid,Automatic,10410
Suzuki,Swift,2008,3.4,226475,Petrol,Automatic,800
Ford,Focus,2025,4.9,15234,Petrol,Manual,29820
Nissan,Patrol,2015,1.3,130510,Petrol,Manual,800
Hyundai,Elantra,2024,3.2,25349,Petrol,Automatic,21060
BMW,5 Series,2012,1.2,188592,Electric,Manual,9400
BMW,3 Series,2014,4.0,140647,Diesel,Automatic,20130
Suzuki,Cultus,2006,4.5,245832,Petrol,Automatic,1550
Hyundai,Elantra,2018,4.4,94010,Diesel,Automatic,17080
Toyota,Camry,2011,3.4,170229,Petrol,Manual,8490
Nissan,Patrol,2020,2.2,71738,Electric,Manual,14290
Hyundai,Santa Fe,2019,1.0,80355,Diesel,Automatic,8190
Mercedes,E-Class,2007,3.3,223398,Hybrid,Automatic,14210
Audi,A6,2014,4.4,143368,Electric,Automatic,24710
Kia,Sportage,2024,3.4,15778,Diesel,Automatic,21730
Nissan,Altima,2016,4.6,125148,Diesel,Manual,13620
Toyota,RAV4,2026,2.0,0,Diesel,Manual,21140
Suzuki,Wagon R,2006,3.9,236287,Diesel,Manual,1270
Ford,Escape,2023,3.8,40708,Petrol,Automatic,22800
Nissan,Altima,2007,3.1,226541,Petrol,Manual,800
Hyundai,Sonata,2018,1.9,86312,Petrol,Manual,9150
Ford,Escape,2022,1.0,44195,Petrol,Automatic,13770
Suzuki,Wagon R,2008,3.8,226680,Petrol,Automatic,2230
Ford,Focus,2005,2.8,252810,Petrol,Manual,800
Hyundai,Elantra,2012,4.9,162350,Petrol,Manual,10330
Toyota,Fortuner,2021,4.3,56455,Petrol,Automatic,24300
Mercedes,C-Class,2023,4.7,36865,Diesel,Manual,34310
Audi,Q5,2005,4.4,250642,Petrol,Automatic,12740
Suzuki,Baleno,2015,3.4,147563,Petrol,Automatic,5730
Suzuki,Cultus,2026,4.4,1692,Petrol,Manual,22380
Mercedes,GLA,2018,2.4,97519,Petrol,Manual,19710
Ford,Escape,2012,3.1,168022,Petrol,Automatic,6920
Mercedes,GLC,2020,1.2,76227,Petrol,Automatic,18320
Audi,A6,2012,3.6,158955,Petrol,Automatic,15380
Suzuki,Swift,2011,2.4,192953,Petrol,Automatic,800
BMW,5 Series,2018,4.5,77324,Diesel,Manual,25760
Honda,City,2021,3.0,61053,Hybrid,Automatic,19980
Suzuki,Wagon R,2026,4.2,7625,Hybrid,Manual,21660
Suzuki,Wagon R,2024,3.0,47190,Diesel,Automatic,17410
Suzuki,Alto,2023,4.5,46957,Diesel,Automatic,21420
Audi,A4,2015,2.2,118344,Petrol,Manual,13370
Mercedes,E-Class,2019,3.1,92338,Petrol,Manual,21060
Nissan,Juke,2020,1.1,79654,Petrol,Manual,6370
Mercedes,A-Class,2006,1.8,239740,Petrol,Manual,2850
Nissan,Juke,2013,3.8,153319,Petrol,Automatic,9400
Mercedes,E-Class,2009,1.1,210715,Petrol,Automatic,6310
Audi,A3,2017,5.0,101425,Petrol,Automatic,27380
Honda,CR-V,2009,1.5,213844,Petrol,Automatic,800
Suzuki,Swift,2007,5.0,228332,Petrol,Manual,6310
Nissan,Sunny,2009,3.1,211752,Petrol,Automatic,1770
Hyundai,i10,2025,1.4,19213,Hybrid,Manual,15380
Mercedes,E-Class,2020,1.0,84152,Diesel,Automatic,16270
Hyundai,Sonata,2016,4.3,133900,Petrol,Manual,14270
Hyundai,Tucson,2015,1.5,140817,Petrol,Manual,1520
Honda,Accord,2012,2.9,152933,Diesel,Manual,5460
Nissan,Altima,2013,1.6,157935,Electric,Manual,2880
Mercedes,GLA,2006,3.0,238310,Petrol,Automatic,11900
Audi,Q5,2017,4.2,109577,Diesel,Manual,23180
Kia,Sorento,2006,5.0,225705,Petrol,Automatic,7310
Kia,Stonic,2009,3.6,194035,Diesel,Automatic,5500
Hyundai,Sonata,2016,4.8,122786,Diesel,Automatic,18820
Audi,A3,2009,3.0,191988,Petrol,Automatic,12750
Audi,A6,2005,3.8,251904,Petrol,Automatic,8750
Kia,Stonic,2014,1.7,144711,Petrol,Automatic,1720
Nissan,Patrol,2007,2.9,224897,Petrol,Automatic,800
Toyota,Camry,2010,4.9,180791,Petrol,Automatic,13830
Mercedes,E-Class,2013,4.2,153982,Diesel,Automatic,20580
Toyota,Yaris,2018,3.9,94496,Petrol,Manual,17320
Honda,CR-V,2016,4.3,124508,Hybrid,Manual,14270
Hyundai,i10,2022,1.4,49714,Diesel,Automatic,12880
Nissan,Sunny,2024,4.9,24938,Petrol,Automatic,28640
Mercedes,GLC,2025,4.3,13849,Petrol,Manual,34820
Mercedes,GLC,2011,2.4,163485,Petrol,Manual,14180
Mercedes,C-Class,2005,2.7,250226,Petrol,Automatic,5980
Toyota,Corolla,2016,1.9,114007,Petrol,Manual,6680
Ford,Focus,2007,4.8,243691,Petrol,Automatic,9680
Mercedes,A-Class,2019,4.4,86001,Petrol,Automatic,29130
Audi,A3,2024,1.0,33865,Petrol,Manual,18690
Ford,Explorer,2021,1.0,63546,Petrol,Automatic,8820
Nissan,Patrol,2011,1.1,194706,Petrol,Manual,800
Toyota,Yaris,2014,2.3,150066,Petrol,Automatic,8600
Suzuki,Cultus,2005,1.4,257158,Hybrid,Automatic,800
Honda,Civic,2013,3.0,162292,Hybrid,Manual,9400
Nissan,Juke,2013,1.3,147822,Petrol,Automatic,800
BMW,X5,2023,1.8,32389,Petrol,Manual,23290
Audi,A4,2012,1.9,181868,Hybrid,Manual,8590
Honda,City,2022,1.0,45797,Petrol,Automatic,13210
Toyota,Fortuner,2022,3.6,45949,Petrol,Automatic,24920
Honda,City,2005,3.0,234881,Petrol,Manual,800
Mercedes,A-Class,2024,1.0,15685,Diesel,Automatic,22340
Suzuki,Swift,2010,1.2,199314,Hybrid,Automatic,800
Kia,Cerato,2021,4.0,45302,Diesel,Manual,17370
Honda,Accord,2015,3.1,132681,Petrol,Manual,9990
Hyundai,Tucson,2018,4.3,103192,Petrol,Automatic,19150
BMW,3 Series,2010,1.9,179392,Petrol,Automatic,11180
Kia,Sorento,2022,1.1,53961,Diesel,Automatic,11210
Kia,Sorento,2014,3.8,142416,Hybrid,Automatic,12980
Nissan,Patrol,2017,4.4,103685,Petrol,Manual,14610
Nissan,X-Trail,2007,2.9,232796,Diesel,Manual,800
Ford,Explorer,2023,3.4,30370,Petrol,Manual,21860
Honda,City,2014,1.1,161130,Diesel,Automatic,4880
Nissan,Patrol,2018,1.8,100160,Hybrid,Automatic,9920
Suzuki,Swift,2009,2.2,204159,Hybrid,Manual,800
Mercedes,GLA,2015,4.0,136100,Diesel,Automatic,23660
Mercedes,GLA,2025,3.2,5951,Diesel,Automatic,36120
Ford,Escape,2008,1.5,218870,Petrol,Automatic,800
Ford,Escape,2006,4.4,243142,Petrol,Automatic,5030
Audi,A6,2021,3.1,55482,Diesel,Manual,23600
Nissan,Altima,2013,1.7,145779,Hybrid,Manual,2790
Hyundai,Santa Fe,2018,1.0,104498,Hybrid,Automatic,7250
Toyota,Camry,2010,3.9,190312,Electric,Manual,8930
Toyota,Camry,2026,4.4,0,Diesel,Manual,26380
Mercedes,E-Class,2013,3.0,149041,Diesel,Automatic,16910
Nissan,X-Trail,2011,3.7,171919,Diesel,Automatic,8210
Kia,Sportage,2022,3.7,34889,Petrol,Automatic,21900
Toyota,RAV4,2006,5.0,244238,Petrol,Manual,4390
Ford,Escape,2024,4.1,15954,Petrol,Automatic,26600
Mercedes,GLA,2015,3.5,133560,Hybrid,Automatic,22300
Honda,CR-V,2023,3.4,37457,Petrol,Automatic,24290
Suzuki,Cultus,2014,3.3,145719,Petrol,Manual,4820
Hyundai,Sonata,2020,4.3,64766,Petrol,Automatic,18320
Toyota,Camry,2007,1.8,224029,Diesel,Automatic,800
Nissan,X-Trail,2021,1.0,59461,Petrol,Manual,7210
Audi,Q3,2019,1.3,82354,Diesel,Manual,12710
Toyota,RAV4,2017,2.0,116560,Petrol,Manual,7770
Mercedes,A-Class,2025,3.5,11370,Diesel,Manual,34930
Nissan,Altima,2016,5.0,103872,Hybrid,Automatic,22730
Toyota,Camry,2016,2.5,112837,Diesel,Automatic,11440
Hyundai,Sonata,2025,1.3,5583,Petrol,Automatic,16140
BMW,X5,2011,1.8,166921,Diesel,Automatic,11200
Audi,A4,2021,3.5,45302,Diesel,Manual,28520
Nissan,Altima,2016,4.5,119594,Petrol,Automatic,17210
Nissan,Altima,2013,3.3,158103,Hybrid,Manual,9810
Mercedes,A-Class,2014,2.7,137484,Hybrid,Automatic,20360
BMW,X5,2023,3.6,34381,Diesel,Manual,30050
Ford,Explorer,2010,3.6,191364,Petrol,Automatic,6400
Kia,Stonic,2022,4.5,56079,Diesel,Automatic,22480
Honda,Accord,2020,1.2,66003,Diesel,Automatic,11750
BMW,X1,2025,1.3,9847,Diesel,Automatic,24240
Ford,Focus,2007,2.6,224536,Petrol,Manual,800
Ford,Mustang,2014,4.9,138090,Diesel,Manual,16100
BMW,1 Series,2012,2.7,163290,Diesel,Manual,12440
Honda,CR-V,2025,1.2,9526,Diesel,Manual,16350
Honda,CR-V,2009,4.1,205401,Electric,Automatic,11350
Kia,Sportage,2025,4.1,17297,Hybrid,Automatic,25930
Honda,City,2017,3.1,103775,Petrol,Automatic,15560
Honda,CR-V,2017,4.7,105923,Petrol,Automatic,19070
Mercedes,E-Class,2025,3.1,17358,Petrol,Automatic,31200
Kia,Sportage,2020,4.4,80673,Hybrid,Automatic,21230
Hyundai,Santa Fe,2013,2.6,162649,Diesel,Automatic,7290
Toyota,Camry,2021,1.3,54335,Petrol,Automatic,11890
Honda,City,2010,3.8,204736,Electric,Manual,9140
Hyundai,Elantra,2009,4.3,218164,Petrol,Automatic,4140
Kia,Sorento,2011,2.9,174930,Hybrid,Automatic,6290
BMW,1 Series,2013,4.2,164221,Petrol,Manual,16860
Nissan,Patrol,2026,4.1,0,Petrol,Automatic,27470
Suzuki,Cultus,2006,2.5,243202,Diesel,Automatic,800
Audi,Q3,2020,2.8,74196,Diesel,Automatic,21620
Hyundai,Tucson,2021,1.2,75635,Diesel,Manual,6740
Nissan,Patrol,2010,3.6,193296,Petrol,Automatic,6510
Kia,Picanto,2024,2.2,28296,Hybrid,Automatic,19590
Suzuki,Wagon R,2009,2.3,191436,Hybrid,Manual,800
Suzuki,Wagon R,2012,2.8,178477,Petrol,Manual,800
Kia,Cerato,2007,4.1,233835,Petrol,Manual,800
Suzuki,Baleno,2009,4.1,185296,Diesel,Manual,1210
Honda,Civic,2019,1.4,75090,Diesel,Manual,9140
Mercedes,GLC,2009,3.3,212359,Diesel,Manual,9740
Hyundai,Santa Fe,2015,4.4,125549,Hybrid,Automatic,16410
Ford,Explorer,2020,4.5,58197,Electric,Automatic,27930
Toyota,Corolla,2020,1.9,70360,Petrol,Automatic,16120
BMW,1 Series,2007,4.4,230162,Petrol,Manual,11120
Nissan,Sunny,2005,3.3,260285,Diesel,Automatic,800
Honda,Jazz,2023,2.7,56826,Petrol,Automatic,19880
Honda,City,2019,4.1,86353,Diesel,Manual,18380
Nissan,Sunny,2024,1.6,13416,Electric,Automatic,22950
BMW,X5,2007,4.6,227060,Petrol,Automatic,17820
Suzuki,Alto,2015,2.9,143079,Petrol,Automatic,6330
Hyundai,Sonata,2025,4.2,16700,Hybrid,Automatic,27540
Honda,City,2012,4.4,172013,Petrol,Manual,10140
Audi,Q5,2017,1.7,109488,Petrol,Automatic,17500
Hyundai,Sonata,2012,4.6,171993,Diesel,Manual,6430
Toyota,Yaris,2007,2.2,218545,Petrol,Automatic,2640
Ford,Focus,2014,2.2,147666,Diesel,Manual,2490
Nissan,Patrol,2007,2.9,236967,Petrol,Automatic,800
Suzuki,Alto,2026,2.0,9217,Hybrid,Automatic,17850
Toyota,Corolla,2023,1.7,37956,Hybrid,Automatic,19970
Honda,Civic,2013,3.2,164241,Petrol,Automatic,7920
Toyota,Corolla,2022,2.0,37391,Petrol,Automatic,19000
Toyota,Camry,2012,2.2,175350,Hybrid,Manual,2780
Nissan,Altima,2005,3.8,246269,Petrol,Automatic,1030
Honda,Accord,2020,2.4,62647,Petrol,Manual,12600
Nissan,Altima,2009,3.6,192148,Petrol,Automatic,6990
Toyota,Yaris,2015,1.1,136647,Diesel,Manual,5450
Audi,A4,2007,3.9,221256,Diesel,Automatic,12530
Honda,Accord,2022,4.3,58299,Hybrid,Automatic,24930
Nissan,Juke,2014,3.0,147544,Petrol,Automatic,7660
Suzuki,Baleno,2009,2.1,203210,Diesel,Automatic,800
Suzuki,Alto,2015,4.1,129976,Petrol,Automatic,10570
Ford,Focus,2007,1.2,218037,Electric,Automatic,870
Hyundai,Sonata,2016,2.0,128689,Diesel,Manual,7360
Honda,Accord,2007,4.1,218466,Hybrid,Automatic,10050
BMW,1 Series,2024,1.9,22143,Hybrid,Manual,24240
Nissan,Altima,2005,1.9,258782,Petrol,Automatic,800
BMW,5 Series,2011,4.1,182296,Petrol,Manual,14660
Hyundai,Santa Fe,2013,2.9,137432,Petrol,Automatic,7820
Nissan,Patrol,2025,4.8,16275,Diesel,Automatic,29170
Audi,A6,2007,4.9,235647,Diesel,Automatic,15330
Ford,Mustang,2023,3.6,50715,Petrol,Manual,19060
BMW,X1,2018,4.7,94002,Petrol,Manual,26880
Hyundai,i10,2007,3.0,225018,Petrol,Automatic,3700
Audi,A4,2008,4.7,211683,Hybrid,Automatic,17430
Mercedes,GLC,2011,4.9,190003,Hybrid,Automatic,25230
Toyota,Camry,2026,4.8,4248,Diesel,Automatic,34470
Toyota,Fortuner,2018,3.2,87856,Electric,Manual,18340
Audi,A6,2011,3.8,184382,Petrol,Automatic,15570
Kia,Cerato,2013,2.6,160691,Hybrid,Automatic,8010
Mercedes,GLA,2014,2.1,150332,Petrol,Automatic,13640
Toyota,Camry,2024,2.1,25515,Petrol,Automatic,18310
BMW,3 Series,2014,5.0,142651,Hybrid,Automatic,29480
Suzuki,Cultus,2016,1.7,108283,Hybrid,Manual,3240
Toyota,RAV4,2008,4.7,221305,Petrol,Automatic,8250
Nissan,Juke,2012,1.4,173193,Diesel,Manual,800
Hyundai,Santa Fe,2017,4.4,103369,Petrol,Automatic,16170
Hyundai,Santa Fe,2026,2.6,924,Diesel,Automatic,22590
Hyundai,Sonata,2022,4.1,55359,Diesel,Manual,20420
BMW,X1,2007,4.8,227727,Petrol,Automatic,15170
Honda,Jazz,2010,4.7,190351,Petrol,Automatic,14130
Mercedes,GLC,2011,2.3,159703,Petrol,Automatic,12920
Nissan,Patrol,2019,2.8,70268,Petrol,Manual,15680
Ford,Explorer,2013,2.7,148573,Diesel,Manual,5750
Hyundai,Sonata,2015,1.3,127494,Diesel,Manual,1470
BMW,5 Series,2006,2.4,241240,Petrol,Automatic,6030
Nissan,Patrol,2013,1.4,147567,Petrol,Automatic,4700
Kia,Sportage,2023,3.1,51975,Diesel,Automatic,19440
Nissan,Sunny,2019,3.9,77202,Electric,Automatic,22710
Suzuki,Baleno,2014,3.4,140585,Petrol,Automatic,6710
Audi,A6,2011,1.2,174338,Petrol,Automatic,9930
Suzuki,Swift,2024,3.7,14971,Hybrid,Manual,20280
Ford,Mustang,2022,2.7,67176,Petrol,Automatic,15780
Nissan,X-Trail,2011,3.6,185210,Petrol,Automatic,8120
Hyundai,Sonata,2006,3.2,249514,Petrol,Automatic,800
Honda,Accord,2005,1.9,237038,Diesel,Manual,800
Suzuki,Swift,2010,4.9,189124,Hybrid,Automatic,10390
BMW,X1,2006,1.6,252448,Petrol,Automatic,2540
Nissan,Sunny,2014,3.7,130318,Petrol,Manual,9510
Hyundai,Elantra,2012,1.5,185745,Diesel,Manual,800
Kia,Stonic,2009,4.5,197806,Petrol,Manual,4200
BMW,5 Series,2022,4.8,41404,Diesel,Manual,31290
Honda,CR-V,2014,4.2,146972,Diesel,Automatic,16480
Kia,Picanto,2012,3.0,177765,Diesel,Automatic,6600
Honda,Accord,2023,1.0,28109,Hybrid,Manual,14600
Ford,Explorer,2012,3.0,169317,Petrol,Manual,4010
BMW,X1,2011,3.6,166022,Petrol,Manual,15320
Ford,Focus,2024,4.0,42193,Diesel,Manual,20080
Mercedes,C-Class,2005,3.0,251508,Hybrid,Manual,8400
Kia,Cerato,2021,2.2,69063,Petrol,Manual,11010
Audi,A4,2015,3.1,132554,Petrol,Automatic,16790
Nissan,X-Trail,2008,1.3,222815,Petrol,Automatic,800
Mercedes,GLA,2010,1.2,173155,Petrol,Automatic,10800
Honda,City,2025,2.7,12423,Diesel,Manual,21170
Kia,Sportage,2017,3.0,106553,Hybrid,Automatic,16510
Kia,Picanto,2016,2.0,122252,Petrol,Automatic,9740
Nissan,Sunny,2020,2.9,76312,Petrol,Manual,16670
Toyota,Camry,2020,3.2,72673,Petrol,Manual,17640
BMW,3 Series,2023,3.3,32291,Petrol,Manual,27820
Nissan,Altima,2008,4.9,209139,Petrol,Manual,6590
Suzuki,Swift,2010,2.6,201064,Petrol,Automatic,800
Hyundai,Elantra,2020,4.5,78850,Electric,Automatic,24700
Honda,Accord,2011,4.4,172628,Petrol,Automatic,16300
Suzuki,Baleno,2026,3.9,138,Diesel,Automatic,23350
Mercedes,GLC,2017,4.9,115662,Diesel,Automatic,28170
Audi,A6,2017,1.0,116878,Petrol,Automatic,12650
Mercedes,C-Class,2024,1.4,34382,Petrol,Manual,23000
Kia,Sorento,2019,2.4,75397,Petrol,Automatic,13010
Honda,Accord,2007,3.8,223863,Hybrid,Automatic,8780
Audi,A6,2018,2.6,93513,Petrol,Manual,13670
Suzuki,Cultus,2016,3.0,122746,Diesel,Manual,6800
Ford,Focus,2010,3.8,194241,Diesel,Manual,4470
BMW,1 Series,2007,1.2,224715,Petrol,Manual,800
Nissan,Sunny,2023,3.1,37785,Petrol,Manual,20270
Audi,Q3,2018,4.6,91015,Diesel,Automatic,29140
Honda,Jazz,2015,3.5,138294,Petrol,Automatic,13330
Ford,Explorer,2023,1.2,30550,Hybrid,Manual,11950
Toyota,Camry,2012,3.6,160802,Petrol,Automatic,10280
Nissan,Altima,2012,1.5,161211,Petrol,Manual,800
Mercedes,A-Class,2021,3.8,56655,Hybrid,Automatic,34100
Ford,Escape,2014,1.6,161058,Diesel,Automatic,4220
Ford,Focus,2025,3.5,7753,Diesel,Manual,22810
Toyota,Corolla,2005,1.6,244730,Hybrid,Automatic,800
Ford,Escape,2019,4.1,85052,Hybrid,Automatic,24990
Audi,A3,2016,3.6,145591,Petrol,Automatic,18350
Audi,A3,2010,1.3,194058,Petrol,Manual,5660
Honda,Jazz,2010,3.1,198564,Petrol,Manual,3600
Kia,Stonic,2012,2.3,166272,Petrol,Manual,1560
Mercedes,C-Class,2014,4.2,143248,Diesel,Automatic,21600
Hyundai,Sonata,2022,2.5,43170,Diesel,Manual,16210
Suzuki,Swift,2006,4.6,239611,Petrol,Automatic,2160
Hyundai,Tucson,2020,4.5,80814,Petrol,Manual,16680
BMW,X5,2011,2.6,168574,Petrol,Manual,12430
BMW,3 Series,2021,1.6,77480,Diesel,Automatic,18260
Mercedes,GLA,2013,1.5,148603,Petrol,Automatic,14250
Audi,A6,2015,1.9,149340,Petrol,Manual,11070
Audi,A3,2013,3.8,149272,Petrol,Automatic,18780
Mercedes,E-Class,2021,3.1,55591,Petrol,Automatic,27620
Ford,Fiesta,2011,2.9,180500,Hybrid,Manual,4790
BMW,1 Series,2025,3.3,2135,Petrol,Manual,29420
Suzuki,Cultus,2014,1.9,153040,Petrol,Manual,800
Hyundai,Elantra,2016,4.6,129789,Petrol,Automatic,16800
Suzuki,Wagon R,2016,3.3,123556,Petrol,Automatic,6770
Ford,Fiesta,2016,3.0,116656,Diesel,Automatic,11630
Hyundai,Elantra,2012,2.7,179549,Petrol,Automatic,5470
Hyundai,Tucson,2013,2.1,152872,Petrol,Automatic,4460
Audi,A3,2025,3.8,16349,Petrol,Automatic,35870
Audi,Q3,2011,4.4,175033,Petrol,Manual,16010
Hyundai,Santa Fe,2021,2.8,69061,Petrol,Automatic,16740
Honda,Jazz,2020,2.3,75718,Hybrid,Manual,12890
Audi,A4,2005,3.7,256009,Petrol,Automatic,6870
Kia,Sorento,2025,4.5,0,Diesel,Manual,22000
Kia,Sorento,2022,2.7,62155,Hybrid,Automatic,17450
Audi,A4,2025,2.5,6733,Diesel,Manual,27730
Audi,A3,2024,2.0,10856,Petrol,Manual,23500
Toyota,Camry,2022,1.3,47767,Petrol,Automatic,15460
Kia,Cerato,2006,4.5,237263,Petrol,Manual,1240
Suzuki,Alto,2024,4.2,32643,Petrol,Automatic,22690
Honda,Accord,2014,1.8,128236,Petrol,Automatic,5610
Toyota,RAV4,2009,1.9,202128,Petrol,Automatic,850
BMW,X5,2009,4.7,196526,Diesel,Manual,15220
Honda,CR-V,2008,3.4,223317,Diesel,Manual,870
Mercedes,GLC,2017,2.7,111601,Diesel,Automatic,22630
Ford,Mustang,2024,2.3,20557,Petrol,Automatic,18810
Toyota,RAV4,2006,2.2,240745,Diesel,Automatic,800
Hyundai,Sonata,2012,2.8,176627,Petrol,Automatic,4960
Mercedes,GLA,2015,1.0,118735,Petrol,Automatic,13430
Kia,Sorento,2025,2.6,7525,Hybrid,Automatic,23510
BMW,1 Series,2026,1.8,961,Diesel,Automatic,26690
Toyota,Yaris,2008,1.8,218122,Petrol,Automatic,930
Kia,Picanto,2013,4.3,141283,Petrol,Automatic,14070
Audi,Q3,2005,1.4,256060,Petrol,Manual,800
Nissan,Juke,2006,3.5,232139,Petrol,Manual,930
Kia,Stonic,2022,2.2,32038,Diesel,Automatic,14460
Toyota,RAV4,2017,3.4,117718,Petrol,Manual,15470
Audi,Q5,2015,3.8,122211,Hybrid,Manual,18730
Suzuki,Swift,2009,4.4,206569,Hybrid,Automatic,3490
Honda,CR-V,2006,3.3,236298,Electric,Manual,4170
Honda,Jazz,2026,2.1,3201,Petrol,Automatic,25860
Toyota,Corolla,2020,3.5,74961,Diesel,Automatic,18010
BMW,5 Series,2011,2.2,187981,Petrol,Automatic,11750
Audi,A3,2008,4.8,222504,Diesel,Automatic,16010
Hyundai,Tucson,2021,2.5,60605,Petrol,Automatic,14240
Suzuki,Swift,2024,1.0,38737,Petrol,Automatic,11250
Toyota,RAV4,2026,3.3,0,Diesel,Manual,24240
Hyundai,Tucson,2006,4.1,243343,Diesel,Automatic,2480
Kia,Sportage,2006,3.7,248679,Petrol,Manual,800
Mercedes,E-Class,2015,4.1,135040,Diesel,Automatic,24290
BMW,X5,2020,3.5,72779,Petrol,Automatic,29010
Kia,Picanto,2024,4.8,34554,Petrol,Automatic,26540
Ford,Fiesta,2025,1.1,6067,Diesel,Manual,14020
BMW,X5,2006,3.8,234802,Petrol,Manual,8260
Toyota,Corolla,2025,1.8,22214,Petrol,Manual,15480
Kia,Picanto,2024,4.7,25509,Petrol,Automatic,27240
Audi,Q5,2018,3.1,88104,Petrol,Automatic,23090
Ford,Focus,2013,1.2,156062,Petrol,Manual,800
Honda,Accord,2015,2.3,138343,Petrol,Automatic,7990
Mercedes,GLC,2026,5.0,5962,Hybrid,Manual,40390
Kia,Sorento,2021,4.2,67961,Petrol,Manual,16080
Suzuki,Wagon R,2013,1.0,156806,Petrol,Automatic,800
Honda,Civic,2020,3.5,67966,Hybrid,Automatic,22580
Nissan,Altima,2024,2.6,38848,Petrol,Automatic,19510
Ford,Mustang,2007,1.6,224549,Petrol,Manual,800
Kia,Sorento,2022,4.9,57944,Petrol,Automatic,23590
Audi,A4,2015,3.9,117065,Hybrid,Automatic,21970
BMW,1 Series,2008,4.4,222736,Petrol,Automatic,16450
Suzuki,Wagon R,2018,3.7,111488,Petrol,Automatic,10850
Audi,Q5,2025,4.0,2274,Petrol,Manual,29980
Suzuki,Wagon R,2006,4.4,234983,Diesel,Manual,800
Kia,Stonic,2013,3.6,155422,Electric,Manual,9710
Ford,Mustang,2019,2.8,100521,Petrol,Manual,12270
BMW,3 Series,2022,2.7,45532,Petrol,Automatic,29220
BMW,3 Series,2014,5.0,141959,Diesel,Automatic,25080
Honda,CR-V,2014,1.8,151492,Petrol,Automatic,4280
Mercedes,E-Class,2013,1.4,151346,Petrol,Automatic,14760
Kia,Cerato,2020,1.9,77161,Petrol,Manual,7780
Honda,Civic,2026,2.9,0,Hybrid,Automatic,25560
Suzuki,Cultus,2006,1.8,245491,Petrol,Manual,800
Hyundai,Sonata,2025,3.7,9063,Petrol,Automatic,28080
Honda,Civic,2013,4.2,151674,Petrol,Automatic,11050
Audi,Q3,2018,2.4,92759,Electric,Manual,22180
Suzuki,Alto,2013,4.7,155277,Petrol,Automatic,9820
Nissan,Patrol,2017,1.2,107347,Petrol,Automatic,7940
Suzuki,Cultus,2025,1.8,13990,Petrol,Manual,12440
Hyundai,i10,2016,3.5,122336,Petrol,Manual,10730
Suzuki,Swift,2014,3.5,145107,Petrol,Manual,6470
Mercedes,A-Class,2011,3.1,170428,Diesel,Manual,14690
Suzuki,Baleno,2011,1.2,172090,Diesel,Automatic,800
Hyundai,Santa Fe,2017,3.8,107275,Petrol,Manual,11910
Audi,A6,2021,3.2,50899,Hybrid,Manual,26140
Toyota,Corolla,2005,4.0,238830,Diesel,Manual,1510
Suzuki,Swift,2019,4.9,95701,Diesel,Automatic,17120
Suzuki,Alto,2023,1.1,32138,Electric,Automatic,16570
Honda,Civic,2016,2.6,123479,Hybrid,Manual,9860
Kia,Stonic,2008,4.1,216074,Petrol,Manual,3520
Honda,City,2022,1.9,44898,Petrol,Automatic,16820
Hyundai,Tucson,2019,1.4,96226,Diesel,Manual,5510
Kia,Picanto,2013,3.4,166745,Diesel,Automatic,9930
Ford,Fiesta,2005,1.0,258731,Petrol,Automatic,800
Audi,Q5,2026,2.2,0,Diesel,Manual,24250
Hyundai,Tucson,2016,3.9,126369,Hybrid,Automatic,18140
Audi,A4,2008,3.7,207130,Hybrid,Automatic,13720
Mercedes,E-Class,2006,4.2,232794,Petrol,Automatic,13540
Toyota,Fortuner,2020,4.1,72967,Diesel,Automatic,22850
Audi,A4,2017,1.2,112846,Diesel,Manual,11430
Suzuki,Swift,2014,4.6,147694,Petrol,Automatic,14380
Ford,Explorer,2005,3.9,239686,Electric,Manual,5180
Audi,A3,2022,3.9,57212,Petrol,Automatic,31200
Hyundai,Tucson,2012,3.5,168580,Hybrid,Manual,6880
Honda,Jazz,2025,2.3,5216,Hybrid,Manual,21070
Ford,Fiesta,2007,4.3,236717,Diesel,Automatic,6430
Honda,Civic,2015,1.7,129302,Petrol,Automatic,7100
Suzuki,Swift,2021,2.5,43463,Petrol,Manual,10890
Suzuki,Cultus,2018,4.1,89727,Diesel,Automatic,13460
Ford,Mustang,2008,3.5,214670,Petrol,Manual,1880
Nissan,Juke,2015,1.2,124232,Hybrid,Automatic,5710
Nissan,X-Trail,2015,2.4,117991,Diesel,Automatic,9540
Honda,CR-V,2006,3.9,244191,Petrol,Manual,1760
BMW,1 Series,2019,3.4,84020,Hybrid,Manual,23340
BMW,1 Series,2022,4.7,46484,Petrol,Automatic,33700
Mercedes,GLA,2017,1.9,109246,Hybrid,Automatic,21940
BMW,X1,2016,3.8,122690,Petrol,Manual,20510
Kia,Cerato,2025,1.1,14691,Hybrid,Automatic,16520
Nissan,Altima,2020,4.1,78030,Petrol,Automatic,21620
BMW,X5,2024,1.4,24803,Petrol,Manual,22140
Nissan,Patrol,2015,1.7,129589,Petrol,Automatic,7450
BMW,1 Series,2020,3.7,74261,Diesel,Manual,23510
Hyundai,Sonata,2017,2.1,108481,Petrol,Automatic,9590
Honda,Jazz,2019,2.3,91722,Diesel,Manual,11420
Honda,CR-V,2014,4.1,122758,Petrol,Manual,13570
Hyundai,Santa Fe,2026,4.6,0,Diesel,Manual,27420
Toyota,Fortuner,2025,3.6,18883,Hybrid,Automatic,28810
Toyota,RAV4,2017,3.7,115210,Hybrid,Automatic,19830
Hyundai,Sonata,2016,2.8,118368,Petrol,Manual,8560
Audi,A3,2009,3.4,206536,Petrol,Automatic,12570
Ford,Escape,2012,3.8,175914,Petrol,Automatic,8270
Kia,Picanto,2020,3.9,85168,Petrol,Automatic,13560
Hyundai,Sonata,2017,4.2,106541,Petrol,Manual,15080
Audi,A4,2021,4.5,59552,Petrol,Automatic,28600
Hyundai,Santa Fe,2015,4.8,149151,Hybrid,Automatic,16570
BMW,X1,2005,1.7,270212,Electric,Automatic,5000
Nissan,Altima,2009,3.2,198734,Hybrid,Manual,3110
Mercedes,C-Class,2019,1.7,80895,Petrol,Automatic,20370
Suzuki,Alto,2006,4.2,236260,Diesel,Manual,800
Suzuki,Alto,2013,1.7,149791,Diesel,Automatic,800
BMW,X1,2011,4.1,184440,Petrol,Manual,17570
Suzuki,Alto,2024,1.3,34241,Diesel,Automatic,10680
Ford,Fiesta,2020,4.8,58292,Petrol,Manual,22110
Hyundai,Santa Fe,2022,3.8,51236,Hybrid,Automatic,23020
Audi,A6,2017,4.7,108340,Diesel,Manual,23670
Mercedes,E-Class,2026,2.9,0,Petrol,Manual,30830
Ford,Explorer,2011,5.0,184722,Petrol,Automatic,14500
Honda,Jazz,2026,3.9,0,Petrol,Manual,25040
Kia,Picanto,2022,4.4,46982,Petrol,Manual,22190
Kia,Sportage,2012,3.7,158972,Hybrid,Automatic,10800
Mercedes,GLC,2016,3.8,111171,Petrol,Automatic,24450
BMW,X5,2018,1.5,103107,Petrol,Manual,13180
Hyundai,Sonata,2018,4.1,91637,Petrol,Manual,16610
Honda,CR-V,2016,1.8,124747,Petrol,Automatic,9610
BMW,X5,2009,3.3,207931,Petrol,Automatic,13480
Kia,Sportage,2021,4.3,77932,Diesel,Manual,17250
Kia,Stonic,2023,1.8,35995,Petrol,Automatic,12140
Nissan,Juke,2007,4.7,226065,Petrol,Manual,3330
Audi,Q5,2014,1.3,136085,Hybrid,Automatic,12810
Hyundai,i10,2026,3.0,0,Diesel,Manual,22300
Mercedes,E-Class,2008,3.8,215014,Diesel,Automatic,13620
Mercedes,C-Class,2010,1.8,188718,Diesel,Automatic,8320
Ford,Escape,2005,1.6,258476,Petrol,Automatic,800
Kia,Sportage,2017,3.2,107986,Petrol,Manual,11940
Ford,Fiesta,2007,3.2,222997,Diesel,Manual,800
Toyota,Corolla,2016,3.2,113011,Diesel,Automatic,15240
Mercedes,C-Class,2019,2.6,88270,Petrol,Automatic,22630
Mercedes,GLC,2025,2.6,9690,Petrol,Automatic,30460
Suzuki,Alto,2015,2.3,117311,Hybrid,Manual,4940
Toyota,RAV4,2022,2.4,58511,Petrol,Automatic,18770
Audi,Q5,2007,2.0,211094,Petrol,Automatic,2720
BMW,5 Series,2006,2.9,234751,Petrol,Automatic,8270
Mercedes,GLA,2006,2.3,234270,Petrol,Automatic,7360
Toyota,Yaris,2024,4.5,20555,Petrol,Automatic,31170
Nissan,Patrol,2023,2.7,32850,Petrol,Automatic,19890
Honda,Jazz,2022,1.6,41417,Diesel,Automatic,15360
Honda,Accord,2009,4.4,201097,Petrol,Manual,8270
Kia,Sportage,2026,4.2,2937,Petrol,Manual,25520
Hyundai,i10,2022,4.1,49491,Diesel,Automatic,20190
Mercedes,A-Class,2022,2.1,44867,Diesel,Manual,20440
Nissan,Patrol,2023,2.8,20576,Diesel,Manual,18430
Nissan,X-Trail,2005,3.0,242513,Petrol,Manual,800
Mercedes,A-Class,2020,4.6,73241,Petrol,Manual,28190
Ford,Focus,2019,4.1,64568,Diesel,Manual,19140
Honda,Civic,2007,3.9,219267,Petrol,Automatic,4540
Hyundai,Santa Fe,2007,3.8,220572,Petrol,Manual,2310
Ford,Mustang,2012,4.6,166363,Hybrid,Manual,11920
Audi,A4,2006,1.7,249476,Diesel,Manual,800
Hyundai,Sonata,2024,2.2,17825,Petrol,Manual,14450
Hyundai,i10,2005,2.2,248843,Diesel,Manual,800
Ford,Explorer,2009,2.1,204894,Hybrid,Automatic,2750
Kia,Cerato,2025,3.2,10541,Diesel,Automatic,20630
Mercedes,E-Class,2009,4.3,190217,Petrol,Manual,15180
Honda,CR-V,2015,1.9,135505,Petrol,Manual,5670
Toyota,RAV4,2024,4.0,26654,Petrol,Manual,22800
Hyundai,Elantra,2022,4.9,38189,Petrol,Automatic,26400
BMW,X1,2025,3.6,7485,Petrol,Manual,28700
Toyota,Yaris,2025,5.0,17484,Hybrid,Manual,29340
Kia,Stonic,2024,1.7,13826,Diesel,Automatic,15860
Hyundai,Sonata,2026,2.4,0,Petrol,Automatic,21040
Suzuki,Cultus,2017,1.6,101667,Diesel,Manual,3200
Suzuki,Alto,2018,2.6,85252,Diesel,Automatic,9060
Kia,Picanto,2017,1.5,114198,Petrol,Automatic,6130
Suzuki,Cultus,2008,2.1,222736,Petrol,Automatic,800
Kia,Sorento,2012,1.0,158383,Diesel,Manual,800
Hyundai,Santa Fe,2016,3.0,137066,Petrol,Automatic,10920
Hyundai,i10,2005,2.1,248417,Petrol,Automatic,800
Kia,Sportage,2010,3.5,200724,Diesel,Automatic,3980
Honda,CR-V,2016,1.4,117863,Diesel,Manual,5890
Ford,Explorer,2016,4.8,118347,Diesel,Automatic,19690
Kia,Sorento,2024,1.8,11221,Electric,Automatic,22290
Audi,Q3,2012,1.7,163739,Petrol,Automatic,11270
Audi,A6,2014,4.5,146654,Diesel,Manual,21570
Nissan,X-Trail,2008,1.2,217449,Petrol,Manual,800
Hyundai,Tucson,2021,3.0,36448,Diesel,Automatic,17070
Nissan,Altima,2016,1.7,115498,Petrol,Automatic,8350
Nissan,Juke,2020,3.9,80980,Petrol,Manual,16710
Ford,Escape,2010,1.1,186723,Diesel,Automatic,800
Kia,Stonic,2023,1.9,33635,Diesel,Automatic,15670
Nissan,Juke,2014,1.6,147335,Hybrid,Manual,3390
Audi,Q5,2013,2.4,153824,Diesel,Manual,11330
Nissan,Altima,2015,1.4,143043,Petrol,Automatic,3690
Toyota,Fortuner,2005,2.3,262723,Hybrid,Automatic,1620
Mercedes,GLC,2009,2.1,186869,Diesel,Automatic,9920
Honda,City,2008,4.2,239389,Petrol,Automatic,7560
Suzuki,Baleno,2022,1.6,49426,Diesel,Automatic,8930
Suzuki,Swift,2011,3.0,174331,Petrol,Automatic,2080
Ford,Explorer,2005,3.0,264981,Petrol,Automatic,800
Honda,Jazz,2016,1.7,135419,Hybrid,Manual,7290
Suzuki,Swift,2026,1.3,6861,Diesel,Automatic,16740
Hyundai,i10,2008,5.0,219085,Petrol,Manual,5810
Kia,Sorento,2010,3.7,189896,Diesel,Automatic,5780
Suzuki,Cultus,2014,2.0,146840,Petrol,Automatic,2480
BMW,3 Series,2017,1.9,105691,Hybrid,Manual,16700
BMW,X1,2023,4.9,28408,Petrol,Automatic,35870
Honda,CR-V,2024,3.0,21704,Petrol,Manual,18710
Nissan,Sunny,2012,2.6,161538,Hybrid,Manual,6030
Kia,Cerato,2023,3.0,34411,Hybrid,Manual,15890
Ford,Escape,2024,3.4,22021,Diesel,Automatic,24130
Honda,CR-V,2021,1.8,47322,Petrol,Manual,14310
Honda,Jazz,2014,2.5,143179,Petrol,Automatic,8140
Ford,Fiesta,2005,3.8,249359,Petrol,Automatic,3860
Mercedes,A-Class,2009,2.7,204463,Petrol,Automatic,13940
Kia,Stonic,2012,2.0,188725,Petrol,Automatic,800
Hyundai,Tucson,2013,1.8,153750,Petrol,Automatic,5340
Suzuki,Swift,2020,1.2,56993,Petrol,Manual,5970
Mercedes,C-Class,2011,2.4,195666,Petrol,Manual,8770
Kia,Stonic,2023,3.5,24076,Electric,Automatic,23470
BMW,3 Series,2024,3.9,37898,Diesel,Automatic,34270
Hyundai,Sonata,2012,1.2,165346,Hybrid,Manual,800
Hyundai,Tucson,2015,1.9,127352,Diesel,Automatic,5980
Ford,Fiesta,2025,4.8,23271,Electric,Manual,31070
Toyota,Yaris,2021,4.3,57185,Diesel,Automatic,24820
Nissan,X-Trail,2025,1.9,14225,Hybrid,Automatic,20150
Audi,Q5,2025,5.0,7957,Petrol,Manual,35100
Toyota,RAV4,2009,3.9,211161,Petrol,Automatic,7650
Suzuki,Alto,2014,3.8,155792,Diesel,Manual,4880
Honda,Civic,2019,1.7,87769,Petrol,Manual,9960
Audi,Q3,2005,3.9,239633,Diesel,Automatic,12330
BMW,1 Series,2019,1.5,77477,Petrol,Manual,18400
Suzuki,Swift,2015,4.4,129481,Hybrid,Automatic,14040
Nissan,Sunny,2015,3.2,134033,Hybrid,Automatic,11420
Kia,Cerato,2023,3.6,42530,Petrol,Automatic,22010
Honda,Accord,2025,3.1,25169,Hybrid,Manual,23850
Honda,Accord,2019,4.3,78479,Petrol,Manual,18970
Kia,Picanto,2019,1.1,74595,Petrol,Automatic,5620
Honda,CR-V,2012,4.1,169294,Diesel,Automatic,13880
Mercedes,A-Class,2014,2.8,144983,Petrol,Manual,17140
BMW,1 Series,2007,1.6,222869,Diesel,Manual,840
Toyota,RAV4,2020,1.9,87883,Petrol,Automatic,14500
Suzuki,Swift,2005,1.4,252037,Petrol,Manual,800
Hyundai,Santa Fe,2008,4.8,209179,Petrol,Automatic,8680
Hyundai,Elantra,2021,1.3,52171,Diesel,Manual,7860
Nissan,Sunny,2005,2.4,263333,Hybrid,Manual,800
Audi,A6,2008,1.0,211598,Petrol,Automatic,2770
Audi,A4,2017,4.6,105459,Hybrid,Automatic,25750
Nissan,X-Trail,2019,2.5,88880,Petrol,Automatic,12130
BMW,X5,2018,3.1,101593,Diesel,Automatic,19230
Kia,Picanto,2006,2.4,238632,Petrol,Manual,800
Nissan,X-Trail,2020,3.2,67339,Diesel,Automatic,15120
Hyundai,Elantra,2013,3.7,145620,Petrol,Manual,6350
Audi,A6,2006,1.6,244580,Hybrid,Automatic,2160
Suzuki,Baleno,2017,1.5,107302,Petrol,Automatic,800
Audi,Q5,2006,1.0,228125,Diesel,Manual,800
Honda,Accord,2018,1.6,89601,Petrol,Manual,8100
Kia,Cerato,2021,2.7,54659,Diesel,Manual,11030
Hyundai,Sonata,2019,1.9,90843,Hybrid,Automatic,10100
Toyota,Camry,2012,3.3,158581,Petrol,Automatic,8100
Ford,Explorer,2019,3.6,81169,Electric,Automatic,23100
BMW,X5,2010,1.7,190521,Petrol,Automatic,8140
Kia,Picanto,2014,3.6,140114,Hybrid,Automatic,12610
Honda,CR-V,2019,1.8,92674,Petrol,Manual,9280
Nissan,X-Trail,2015,3.7,133000,Diesel,Manual,11940
Nissan,Altima,2026,2.3,1073,Petrol,Manual,19100
Toyota,Yaris,2018,5.0,99796,Diesel,Automatic,22970
Audi,A3,2022,3.0,48532,Petrol,Automatic,25670
Honda,City,2015,2.5,122629,Petrol,Manual,7470
Honda,Civic,2023,1.2,32675,Hybrid,Automatic,17490
Ford,Escape,2025,3.9,5456,Hybrid,Automatic,31150
Honda,Jazz,2008,3.2,210579,Petrol,Automatic,6760
Hyundai,Elantra,2023,1.0,42195,Electric,Manual,12710
Kia,Picanto,2011,2.2,174896,Diesel,Manual,800
Hyundai,Elantra,2021,3.7,65452,Hybrid,Manual,17560
Honda,CR-V,2014,4.5,143493,Petrol,Manual,12780
BMW,X5,2010,2.7,202246,Hybrid,Automatic,11880
Nissan,Juke,2009,4.5,205345,Petrol,Manual,6780
Toyota,Corolla,2015,2.6,147241,Petrol,Manual,9980
Honda,Accord,2007,3.7,234506,Petrol,Manual,2840
Mercedes,C-Class,2013,1.8,158912,Petrol,Automatic,12310
Hyundai,Tucson,2025,2.2,11679,Petrol,Manual,16400
Hyundai,Tucson,2022,4.2,61014,Petrol,Automatic,19330
Toyota,Fortuner,2008,2.9,222934,Electric,Automatic,8850
Audi,A4,2016,3.7,103228,Petrol,Manual,21190
BMW,5 Series,2019,1.4,81593,Petrol,Manual,16100
Ford,Fiesta,2005,4.8,251863,Hybrid,Manual,6060
Suzuki,Wagon R,2008,2.5,213000,Petrol,Automatic,800
Toyota,Yaris,2026,3.3,14326,Petrol,Automatic,27480
Hyundai,Tucson,2011,3.7,188617,Petrol,Automatic,6490
Kia,Sorento,2019,3.6,96645,Petrol,Manual,14510
Ford,Mustang,2006,2.8,236100,Diesel,Automatic,800
Suzuki,Swift,2022,2.0,49646,Petrol,Automatic,11470
Audi,A3,2007,3.1,240581,Petrol,Automatic,7630
Audi,Q3,2010,3.5,183920,Petrol,Automatic,14210
Kia,Cerato,2025,4.3,7627,Diesel,Manual,23640
Honda,CR-V,2008,1.5,221343,Petrol,Automatic,800
Nissan,Altima,2012,4.0,167615,Petrol,Automatic,8160
Suzuki,Swift,2006,2.7,232309,Diesel,Automatic,800
Suzuki,Alto,2026,2.0,8260,Diesel,Manual,11390
Kia,Picanto,2007,4.2,224367,Petrol,Automatic,6720
Toyota,RAV4,2008,4.0,212705,Petrol,Automatic,5570
Kia,Stonic,2015,1.6,129239,Petrol,Automatic,1980
Audi,A4,2007,2.3,226433,Petrol,Automatic,7880
BMW,1 Series,2023,4.8,29673,Petrol,Automatic,37560
Ford,Escape,2007,1.0,217449,Diesel,Manual,800
Audi,Q5,2012,2.7,164296,Petrol,Automatic,15420
Toyota,Corolla,2013,4.9,159798,Petrol,Automatic,17730
Toyota,Fortuner,2026,4.5,4235,Petrol,Manual,27340
Ford,Escape,2020,3.1,62836,Petrol,Automatic,18450
Ford,Mustang,2022,1.1,43048,Diesel,Manual,10320
Kia,Picanto,2026,2.3,0,Petrol,Automatic,21750
Honda,Civic,2026,2.7,0,Petrol,Automatic,23820
Hyundai,Sonata,2025,2.6,19734,Hybrid,Automatic,18930
Ford,Escape,2026,4.5,0,Petrol,Automatic,29400
Audi,Q5,2012,3.5,174908,Diesel,Automatic,15270
Ford,Escape,2024,3.9,15773,Hybrid,Automatic,27000
Ford,Explorer,2011,4.8,184770,Diesel,Manual,10020
Honda,Accord,2011,4.5,181353,Petrol,Automatic,11840
Mercedes,C-Class,2006,1.9,241760,Diesel,Automatic,2260
Audi,Q3,2016,4.2,117315,Petrol,Manual,23120
Suzuki,Swift,2017,4.9,121823,Diesel,Manual,10310
Toyota,RAV4,2026,4.8,0,Diesel,Manual,27170
Suzuki,Baleno,2013,3.5,165589,Hybrid,Automatic,4630
Honda,Civic,2011,3.2,170820,Petrol,Manual,4320
Kia,Sportage,2007,1.7,229485,Petrol,Automatic,800
Audi,A3,2026,3.1,0,Petrol,Manual,29590
Suzuki,Wagon R,2008,1.4,209262,Petrol,Manual,800
Hyundai,Tucson,2016,1.9,126364,Hybrid,Manual,10410
Hyundai,Santa Fe,2022,1.5,51050,Petrol,Automatic,13870
Suzuki,Swift,2021,1.8,67515,Electric,Manual,12490
Ford,Focus,2007,3.6,228293,Diesel,Manual,1740
Toyota,Camry,2009,3.7,189827,Petrol,Automatic,8120
Toyota,Fortuner,2022,3.5,42753,Petrol,Automatic,24060
Toyota,Fortuner,2019,3.0,69182,Hybrid,Automatic,18570
Hyundai,Santa Fe,2016,3.5,139442,Diesel,Automatic,10210
Hyundai,Santa Fe,2022,1.6,54445,Diesel,Automatic,12800
Nissan,Sunny,2016,2.1,102246,Hybrid,Automatic,12700
Toyota,RAV4,2018,2.8,98150,Petrol,Manual,13650
BMW,X5,2005,3.7,252183,Petrol,Manual,8520
Audi,A4,2011,3.4,182048,Hybrid,Manual,13230
Suzuki,Baleno,2011,1.6,168156,Petrol,Automatic,800
Suzuki,Swift,2010,4.4,203768,Diesel,Manual,3390
Ford,Escape,2025,2.8,7380,Petrol,Automatic,20530
Suzuki,Wagon R,2010,1.1,190059,Petrol,Automatic,800
Nissan,Juke,2012,1.4,161358,Diesel,Manual,800
Mercedes,E-Class,2006,3.4,250353,Petrol,Automatic,11770
BMW,X5,2022,3.1,50864,Petrol,Automatic,27940
Toyota,Fortuner,2010,5.0,196217,Petrol,Automatic,14090
Nissan,Juke,2007,2.4,229638,Petrol,Manual,800
Audi,A3,2026,2.7,0,Diesel,Automatic,29840
Nissan,Altima,2007,3.0,228501,Petrol,Automatic,1850
Toyota,Yaris,2016,4.0,132468,Diesel,Manual,14100
BMW,5 Series,2023,3.0,17080,Petrol,Manual,27780
Toyota,RAV4,2008,4.7,223768,Petrol,Automatic,9000
Honda,Jazz,2008,2.8,210401,Petrol,Manual,800
BMW,1 Series,2020,1.5,74704,Petrol,Automatic,20120
Hyundai,Sonata,2012,3.1,164726,Petrol,Manual,3840
Toyota,Camry,2009,3.8,196252,Petrol,Manual,6060
Toyota,RAV4,2017,5.0,106103,Diesel,Manual,20030
Suzuki,Baleno,2014,4.6,152521,Petrol,Automatic,11360
Mercedes,E-Class,2022,2.6,43884,Petrol,Automatic,26120
Suzuki,Cultus,2025,1.2,14809,Petrol,Automatic,13500
Nissan,Altima,2013,3.7,157949,Hybrid,Manual,9110
Ford,Mustang,2017,2.3,101471,Diesel,Automatic,10360
Hyundai,Sonata,2022,3.7,48908,Petrol,Manual,20200
BMW,X1,2018,4.4,104806,Diesel,Automatic,27050
Mercedes,A-Class,2015,4.4,139637,Diesel,Automatic,24110
Mercedes,E-Class,2017,3.8,104845,Petrol,Automatic,23070
Nissan,Sunny,2024,4.8,33637,Hybrid,Automatic,29380
Suzuki,Baleno,2023,4.9,35732,Petrol,Manual,20760
Audi,A3,2012,4.8,177127,Hybrid,Automatic,21940
Suzuki,Baleno,2021,2.7,68387,Petrol,Automatic,11800
Honda,Accord,2011,1.0,176084,Petrol,Automatic,800
Mercedes,GLC,2022,4.9,50771,Diesel,Manual,31270
BMW,X5,2010,5.0,191818,Petrol,Automatic,19940
Honda,CR-V,2012,1.0,176920,Petrol,Manual,800
Hyundai,Tucson,2022,2.8,32601,Petrol,Automatic,20510
BMW,X5,2026,1.9,2495,Hybrid,Automatic,29270
Audi,A6,2013,3.5,154675,Petrol,Automatic,15400
Nissan,Juke,2017,2.7,108296,Petrol,Manual,10990
Nissan,Juke,2006,2.0,243237,Petrol,Automatic,800
Ford,Mustang,2025,3.9,0,Diesel,Manual,24830
Ford,Fiesta,2024,2.9,12971,Diesel,Automatic,21420
Honda,Jazz,2013,2.2,158739,Hybrid,Automatic,6410
Audi,A6,2012,2.1,183432,Hybrid,Automatic,13520
Nissan,Altima,2013,4.4,149229,Hybrid,Manual,14730
Audi,Q3,2012,2.5,159792,Petrol,Manual,12680
BMW,X5,2017,2.5,95997,Diesel,Automatic,20400
Ford,Escape,2017,4.0,100775,Diesel,Automatic,16580
Nissan,X-Trail,2007,2.6,227035,Petrol,Automatic,1690
Suzuki,Cultus,2010,1.4,195051,Petrol,Automatic,800
Nissan,Sunny,2006,1.3,249994,Petrol,Automatic,800
BMW,1 Series,2026,3.6,1696,Petrol,Automatic,34610
Nissan,Patrol,2016,3.1,131985,Petrol,Automatic,12450
Suzuki,Baleno,2008,2.3,215097,Petrol,Manual,800
Kia,Stonic,2010,2.8,210645,Petrol,Automatic,980
Suzuki,Baleno,2016,1.0,113649,Petrol,Automatic,1130
Ford,Mustang,2012,3.2,170160,Hybrid,Manual,5160
BMW,1 Series,2013,2.1,161841,Electric,Automatic,19310
Ford,Escape,2019,2.9,69935,Electric,Manual,19110
BMW,X1,2005,1.7,249838,Diesel,Automatic,2460
Honda,Accord,2010,4.7,189688,Hybrid,Manual,12990
Ford,Explorer,2025,1.2,14437,Diesel,Automatic,18820
Mercedes,GLA,2026,4.8,11898,Diesel,Automatic,40180
Kia,Sportage,2019,2.5,76309,Diesel,Automatic,12550
Ford,Explorer,2008,2.0,232882,Diesel,Manual,800
Kia,Picanto,2020,4.3,84301,Petrol,Automatic,17490
Mercedes,A-Class,2022,2.3,54440,Petrol,Manual,23870
Kia,Cerato,2025,4.4,2963,Diesel,Automatic,26300
Suzuki,Baleno,2010,4.1,195979,Petrol,Automatic,6370
Suzuki,Cultus,2018,4.7,95120,Petrol,Automatic,14950
Honda,Civic,2026,1.9,2262,Petrol,Manual,18810
Hyundai,Tucson,2011,2.3,180454,Diesel,Automatic,3190
BMW,X1,2016,2.3,131201,Electric,Automatic,19700
Nissan,Sunny,2021,2.3,62834,Petrol,Automatic,16670
BMW,X5,2018,1.8,101023,Petrol,Automatic,16350
BMW,X5,2026,1.0,0,Petrol,Automatic,27070
Hyundai,Tucson,2011,3.5,169312,Petrol,Manual,4330
Honda,CR-V,2006,1.9,255242,Petrol,Automatic,800
Kia,Sportage,2022,2.8,40477,Hybrid,Automatic,21620
Mercedes,E-Class,2020,1.3,65088,Diesel,Automatic,22140
BMW,X5,2009,3.2,206401,Hybrid,Automatic,12590
Ford,Mustang,2024,3.9,31921,Petrol,Automatic,27140
Audi,Q3,2009,1.7,215610,Diesel,Automatic,6880
Mercedes,A-Class,2012,1.4,158984,Petrol,Automatic,10450
BMW,X1,2011,4.5,176249,Hybrid,Manual,20840
Nissan,Sunny,2007,3.2,222426,Diesel,Automatic,1780
BMW,1 Series,2016,2.9,118577,Electric,Automatic,27250
Hyundai,Elantra,2020,1.7,69550,Petrol,Automatic,10570
Ford,Escape,2012,3.9,180817,Petrol,Automatic,10910
Nissan,Patrol,2013,2.3,166219,Diesel,Manual,2300
Nissan,Patrol,2026,1.7,0,Diesel,Manual,16390
Kia,Sportage,2014,1.5,140382,Hybrid,Manual,1950
Honda,CR-V,2020,2.2,76063,Petrol,Manual,12210
Hyundai,Elantra,2011,4.6,188561,Hybrid,Manual,9850
Suzuki,Cultus,2024,1.3,30119,Diesel,Manual,10450
Honda,Civic,2012,2.8,170812,Petrol,Automatic,8760
Mercedes,E-Class,2016,4.1,120013,Hybrid,Automatic,27000
Kia,Cerato,2024,2.4,18605,Petrol,Manual,14170
Kia,Sorento,2008,3.5,213205,Petrol,Automatic,3870
Nissan,Juke,2016,1.4,124294,Diesel,Automatic,5360
Audi,A4,2023,1.2,29547,Petrol,Automatic,21640
Hyundai,i10,2026,1.8,2939,Petrol,Manual,14810
Ford,Focus,2019,2.1,84782,Diesel,Automatic,12720
Nissan,Altima,2023,3.5,36361,Diesel,Manual,19500
Toyota,Corolla,2025,4.1,9047,Diesel,Automatic,31510
Hyundai,Santa Fe,2015,1.8,134795,Diesel,Automatic,4370
Audi,A4,2022,2.8,35218,Petrol,Manual,25750
Audi,A4,2020,3.8,79653,Hybrid,Manual,26420
Kia,Sportage,2021,3.8,75012,Diesel,Manual,15620
Honda,Civic,2023,1.6,22181,Petrol,Automatic,16310
Ford,Escape,2005,3.9,255123,Hybrid,Manual,800
Mercedes,GLA,2016,1.8,123185,Petrol,Automatic,18750
Kia,Cerato,2022,3.5,43330,Petrol,Automatic,18980
Mercedes,C-Class,2019,1.8,87192,Hybrid,Manual,19890
Suzuki,Swift,2014,1.1,141080,Diesel,Automatic,800
Kia,Sportage,2020,2.9,70536,Diesel,Automatic,15650
Ford,Mustang,2012,3.7,173911,Hybrid,Manual,10380
Audi,Q5,2005,3.8,250737,Hybrid,Manual,9010
Ford,Explorer,2009,1.9,196196,Hybrid,Manual,800
Toyota,RAV4,2025,4.6,27663,Diesel,Automatic,30560
Hyundai,i10,2023,4.7,43413,Electric,Automatic,29540
Audi,Q3,2007,3.4,225308,Petrol,Automatic,12660
Ford,Fiesta,2017,1.7,112071,Electric,Automatic,12730
Hyundai,Sonata,2011,1.8,184148,Petrol,Manual,800
Ford,Fiesta,2025,4.7,24730,Petrol,Automatic,27500
Kia,Cerato,2022,4.2,58049,Diesel,Automatic,22600
Audi,Q3,2020,3.0,75220,Petrol,Manual,20650
Nissan,Sunny,2005,2.7,246346,Diesel,Automatic,800
Mercedes,GLC,2014,1.5,142525,Petrol,Automatic,11310
Toyota,Yaris,2014,3.9,142138,Diesel,Manual,12430
Audi,A6,2006,5.0,247012,Petrol,Manual,8920
Honda,Accord,2013,3.6,166323,Petrol,Manual,8130
BMW,5 Series,2011,2.9,176612,Diesel,Manual,10310
Honda,Accord,2011,3.6,174860,Hybrid,Automatic,10970
Ford,Explorer,2010,1.5,195635,Petrol,Manual,800
Suzuki,Wagon R,2025,3.9,23686,Diesel,Automatic,21980
Nissan,Patrol,2022,1.9,44252,Diesel,Automatic,15190
BMW,5 Series,2018,2.4,98176,Hybrid,Manual,17890
Hyundai,i10,2017,2.6,111110,Diesel,Automatic,8800
BMW,X5,2024,5.0,28215,Diesel,Automatic,34480
Hyundai,Santa Fe,2019,1.8,89266,Hybrid,Automatic,11460
Suzuki,Wagon R,2025,4.0,10493,Petrol,Automatic,22970
Honda,CR-V,2015,3.6,141671,Petrol,Automatic,12780
BMW,1 Series,2012,4.6,170486,Diesel,Manual,19720
Kia,Cerato,2023,1.3,28127,Electric,Manual,17870
Kia,Sorento,2017,3.6,98019,Diesel,Automatic,14090
Hyundai,Santa Fe,2010,1.2,202647,Petrol,Manual,800
Hyundai,Elantra,2013,3.2,152021,Electric,Manual,9540
Mercedes,GLA,2026,1.5,0,Hybrid,Automatic,31440
Mercedes,GLA,2015,2.6,136848,Petrol,Automatic,18520
Honda,Jazz,2014,4.7,155665,Diesel,Manual,13440
Ford,Escape,2010,1.7,204250,Petrol,Automatic,1360
Honda,CR-V,2016,3.4,119391,Petrol,Manual,10420
Mercedes,E-Class,2014,3.1,152062,Petrol,Automatic,20180
Nissan,Sunny,2008,3.7,211540,Petrol,Automatic,4600
Nissan,Altima,2017,4.5,99205,Diesel,Automatic,19220
Nissan,Juke,2024,3.1,41513,Hybrid,Automatic,26760
Nissan,Altima,2025,1.5,2932,Diesel,Manual,12160
Kia,Picanto,2022,2.4,41254,Diesel,Automatic,15540
BMW,X1,2018,4.8,100153,Petrol,Automatic,27400
Kia,Stonic,2018,1.7,97429,Petrol,Automatic,6650
Suzuki,Baleno,2006,2.1,238798,Petrol,Automatic,800
Kia,Picanto,2007,3.2,244508,Petrol,Automatic,800
Nissan,Sunny,2021,2.3,61154,Diesel,Automatic,13900
Nissan,Patrol,2026,1.3,1453,Petrol,Automatic,17720
Kia,Picanto,2023,3.5,24696,Hybrid,Manual,21020
Mercedes,GLC,2005,4.6,263271,Diesel,Automatic,12830
Audi,A6,2014,2.6,145068,Petrol,Manual,15020
Audi,Q5,2012,1.2,171997,Petrol,Manual,8800
BMW,X5,2023,3.1,37076,Diesel,Manual,25420
Mercedes,E-Class,2018,4.5,95235,Petrol,Automatic,28760
Honda,Jazz,2010,3.1,179043,Petrol,Automatic,6960
BMW,1 Series,2010,2.9,193371,Hybrid,Manual,14190
Toyota,Fortuner,2024,2.7,33749,Hybrid,Manual,20540
Suzuki,Alto,2005,3.4,262767,Petrol,Manual,800
Mercedes,A-Class,2024,2.3,30540,Petrol,Manual,27520
Audi,Q3,2025,2.0,14551,Diesel,Automatic,28250
Kia,Sorento,2014,4.5,131447,Diesel,Manual,9740
Hyundai,Santa Fe,2018,1.9,88147,Petrol,Manual,7100
Nissan,Sunny,2017,2.8,107504,Petrol,Manual,9000
Suzuki,Baleno,2013,4.5,162160,Petrol,Automatic,9470
Hyundai,Santa Fe,2009,1.4,202710,Petrol,Automatic,800
Honda,Civic,2021,4.2,66766,Diesel,Automatic,25320
Suzuki,Cultus,2025,5.0,21738,Petrol,Automatic,26640
BMW,1 Series,2009,1.2,196262,Petrol,Automatic,6790
Audi,Q3,2010,1.3,180717,Petrol,Automatic,7350
BMW,3 Series,2005,2.7,254738,Petrol,Automatic,9370
BMW,X1,2018,1.1,110967,Diesel,Manual,11750
Hyundai,Santa Fe,2023,2.9,33095,Petrol,Manual,17850
Toyota,Yaris,2014,2.9,151079,Petrol,Automatic,11290
Honda,Civic,2019,4.4,98246,Hybrid,Manual,19990
Kia,Sportage,2021,4.1,65183,Diesel,Automatic,20820
Nissan,Sunny,2010,4.2,187497,Petrol,Automatic,12090
Toyota,RAV4,2008,4.1,205106,Petrol,Manual,8470
Toyota,Camry,2024,1.6,17006,Hybrid,Manual,19470
Mercedes,C-Class,2024,1.2,18700,Petrol,Automatic,24860
Honda,Accord,2020,4.2,80125,Diesel,Automatic,22600
Kia,Stonic,2022,1.3,58806,Diesel,Automatic,10470
Ford,Focus,2014,3.9,149714,Diesel,Automatic,12100
Nissan,Patrol,2007,2.4,215318,Hybrid,Automatic,1970
Suzuki,Swift,2016,2.4,122398,Hybrid,Automatic,6440
Audi,A4,2021,4.5,71427,Petrol,Manual,26040
Suzuki,Cultus,2024,1.7,26703,Electric,Automatic,18790
Nissan,Sunny,2008,2.2,209474,Diesel,Automatic,800
Nissan,Altima,2011,4.5,177924,Petrol,Automatic,11970
Audi,Q5,2011,3.7,172424,Diesel,Manual,11430
Ford,Escape,2012,3.4,169251,Petrol,Manual,5210
Kia,Stonic,2008,1.0,202570,Petrol,Manual,800
Nissan,X-Trail,2012,4.3,176693,Petrol,Automatic,11670
Mercedes,C-Class,2020,2.3,70353,Electric,Automatic,25950
Audi,Q3,2016,3.3,135056,Hybrid,Automatic,23790
Audi,A6,2025,1.4,18306,Electric,Automatic,30530
Hyundai,Santa Fe,2009,3.6,191426,Hybrid,Manual,3550
Hyundai,Elantra,2024,4.6,19530,Diesel,Automatic,26630
Toyota,RAV4,2019,3.9,84127,Petrol,Manual,19460
Audi,A4,2013,4.1,162909,Hybrid,Manual,18590
Honda,Civic,2008,3.1,227176,Diesel,Manual,1490
Suzuki,Cultus,2008,4.9,229221,Diesel,Automatic,8120
Ford,Escape,2010,2.6,174726,Petrol,Automatic,5350
Ford,Mustang,2026,1.9,4412,Hybrid,Manual,21980
Audi,A6,2018,4.7,90947,Petrol,Manual,24390
Hyundai,Santa Fe,2011,2.7,180928,Diesel,Manual,3510
Suzuki,Cultus,2018,3.3,101688,Petrol,Manual,10380
BMW,X5,2020,1.2,75895,Petrol,Automatic,17750
Hyundai,Elantra,2020,2.0,72454,Petrol,Automatic,12910
Hyundai,Elantra,2009,2.8,199102,Petrol,Automatic,1480
BMW,5 Series,2015,4.8,139764,Electric,Automatic,31960
Suzuki,Cultus,2022,4.2,51788,Petrol,Automatic,19260
Nissan,Sunny,2024,2.0,18981,Petrol,Automatic,17080
Ford,Focus,2006,3.6,228389,Diesel,Automatic,2620
Nissan,Altima,2015,4.4,138002,Hybrid,Manual,15390
Honda,City,2009,1.9,211658,Hybrid,Automatic,2990
BMW,1 Series,2017,2.9,103483,Hybrid,Manual,20180
Ford,Focus,2011,2.3,175229,Petrol,Automatic,4300
Kia,Stonic,2007,1.3,226841,Diesel,Manual,800
Kia,Cerato,2019,4.2,95130,Diesel,Automatic,16590
Suzuki,Alto,2020,4.0,72165,Petrol,Automatic,16160
BMW,5 Series,2014,2.8,141863,Diesel,Manual,14790
Suzuki,Swift,2015,3.6,137634,Petrol,Automatic,8590
Hyundai,Tucson,2021,4.0,60418,Diesel,Automatic,20570
Ford,Fiesta,2015,3.0,127529,Hybrid,Automatic,15990
BMW,X5,2006,2.1,224726,Hybrid,Manual,3760
Mercedes,GLC,2006,4.9,233933,Petrol,Automatic,14520
Ford,Escape,2022,1.6,54559,Petrol,Automatic,16010
Ford,Focus,2023,1.6,28488,Hybrid,Automatic,18260
Mercedes,C-Class,2015,1.0,120247,Petrol,Manual,9170
Audi,A4,2014,4.0,151455,Diesel,Automatic,20350
Ford,Focus,2008,4.2,229988,Electric,Automatic,12480
Nissan,Patrol,2011,4.3,187718,Petrol,Automatic,9230
Audi,Q5,2015,2.6,121504,Petrol,Automatic,17230
Toyota,Fortuner,2019,1.7,99644,Petrol,Manual,9040
BMW,3 Series,2020,1.8,68046,Petrol,Manual,17310
Suzuki,Alto,2006,4.4,238438,Petrol,Automatic,800
Suzuki,Alto,2013,4.0,147773,Petrol,Automatic,9330
Nissan,X-Trail,2012,1.3,160564,Diesel,Manual,800
Audi,A6,2024,2.2,21139,Petrol,Automatic,26320
Mercedes,GLC,2015,3.7,131605,Diesel,Manual,19580
Ford,Escape,2017,1.8,106980,Diesel,Manual,5860
Nissan,X-Trail,2019,1.6,82191,Electric,Automatic,15900
Ford,Mustang,2020,2.1,74342,Diesel,Automatic,11720
Toyota,Corolla,2022,2.6,48445,Petrol,Automatic,18490
Kia,Stonic,2022,2.9,42452,Hybrid,Automatic,19420
Nissan,Patrol,2020,3.3,67501,Petrol,Automatic,16090
Kia,Stonic,2019,2.3,91428,Petrol,Automatic,12150
Ford,Fiesta,2016,4.5,123302,Petrol,Automatic,18310
Hyundai,Elantra,2020,3.3,63768,Petrol,Automatic,14230
Hyundai,Santa Fe,2010,2.0,200101,Diesel,Manual,800
Toyota,Fortuner,2011,2.0,184125,Petrol,Manual,1470
Toyota,Corolla,2018,3.8,92865,Hybrid,Manual,17150
Honda,Accord,2012,1.5,177578,Diesel,Automatic,6930
Mercedes,E-Class,2010,1.5,198867,Hybrid,Manual,7540
Audi,Q5,2014,1.8,139449,Petrol,Automatic,13130
Toyota,Fortuner,2014,3.9,146237,Diesel,Automatic,15370
Audi,A6,2020,4.2,63660,Petrol,Manual,26680
Mercedes,GLC,2025,3.5,18266,Hybrid,Automatic,34470
Mercedes,GLC,2025,2.4,10679,Petrol,Automatic,29790
BMW,5 Series,2017,3.7,107839,Petrol,Automatic,23070
Mercedes,E-Class,2018,2.4,102985,Diesel,Automatic,21450
Ford,Focus,2009,4.3,197886,Hybrid,Manual,8220
Ford,Focus,2019,1.9,85633,Diesel,Automatic,11790
BMW,X1,2008,2.3,220436,Petrol,Manual,8020
Ford,Fiesta,2005,3.4,251884,Petrol,Automatic,2630
Toyota,Yaris,2012,2.4,170683,Diesel,Manual,4470
Kia,Picanto,2008,2.2,219442,Diesel,Manual,800
Hyundai,Elantra,2024,3.4,14068,Petrol,Automatic,21990
Audi,Q5,2014,4.8,149220,Petrol,Manual,19210
Nissan,Juke,2024,5.0,36421,Petrol,Automatic,26380
Mercedes,E-Class,2017,4.0,114782,Diesel,Automatic,25230
BMW,X5,2021,3.7,65885,Diesel,Automatic,28970
Honda,Jazz,2007,4.8,221292,Hybrid,Automatic,10140
Suzuki,Cultus,2021,1.1,68654,Hybrid,Manual,6550
Hyundai,Tucson,2013,3.2,147989,Petrol,Automatic,11760
Audi,Q5,2018,3.8,102012,Petrol,Automatic,24460
Audi,Q5,2013,3.3,136943,Petrol,Manual,17330
Hyundai,Elantra,2013,4.7,137951,Hybrid,Automatic,18730
Suzuki,Wagon R,2022,3.1,37547,Petrol,Manual,16110
Kia,Sorento,2019,4.0,84587,Petrol,Automatic,16660
Toyota,RAV4,2010,2.8,178871,Petrol,Automatic,5570
Toyota,Fortuner,2005,3.5,241468,Petrol,Manual,800
Toyota,RAV4,2019,1.0,79344,Petrol,Automatic,9920
Nissan,Sunny,2019,2.4,70887,Diesel,Manual,9320
Kia,Cerato,2026,1.1,0,Petrol,Manual,13710
Audi,A4,2010,3.3,189716,Petrol,Automatic,14180
Audi,Q5,2010,4.0,182782,Petrol,Manual,14320
BMW,1 Series,2009,2.6,202311,Diesel,Manual,9480
Hyundai,Santa Fe,2022,3.5,43608,Petrol,Automatic,20760
BMW,3 Series,2014,4.6,144297,Hybrid,Automatic,27140
Toyota,RAV4,2008,2.5,212619,Petrol,Manual,800
Mercedes,GLC,2008,1.5,215928,Diesel,Automatic,5500
Nissan,Juke,2009,4.1,219068,Petrol,Manual,5980
Suzuki,Alto,2009,4.2,208827,Diesel,Automatic,3070
BMW,1 Series,2010,3.6,188073,Diesel,Automatic,13620
BMW,5 Series,2024,2.3,22463,Petrol,Automatic,27750
Ford,Focus,2007,1.6,220301,Petrol,Automatic,800
BMW,X5,2006,2.6,243812,Hybrid,Manual,6710
Audi,A6,2023,2.2,35191,Electric,Manual,27830
Hyundai,Santa Fe,2005,4.2,253064,Diesel,Automatic,2470
BMW,X5,2007,1.4,225011,Hybrid,Manual,5280
Nissan,Juke,2026,1.4,9215,Electric,Manual,19810
Suzuki,Baleno,2005,2.6,256434,Diesel,Automatic,800
Honda,Civic,2007,4.3,208420,Diesel,Automatic,7250
Honda,Jazz,2025,4.0,4817,Petrol,Manual,25540
Honda,Jazz,2008,5.0,220028,Petrol,Manual,7070
Audi,A6,2025,4.2,25426,Electric,Manual,34260
Hyundai,Santa Fe,2024,3.1,22927,Diesel,Manual,19670
BMW,X1,2006,3.8,236870,Petrol,Manual,10070
Honda,City,2008,3.2,221984,Petrol,Manual,3910
Ford,Escape,2022,2.1,42775,Electric,Manual,18480
Suzuki,Alto,2026,2.1,0,Hybrid,Automatic,19650
Hyundai,Sonata,2016,1.0,125522,Petrol,Automatic,5430
Honda,Civic,2010,5.0,187682,Petrol,Manual,10100
Toyota,RAV4,2018,1.8,87791,Petrol,Automatic,13850
Nissan,X-Trail,2013,4.2,146912,Hybrid,Automatic,13880
Audi,A4,2022,3.8,41452,Diesel,Manual,28240
Hyundai,i10,2019,3.3,81456,Electric,Automatic,19040
Hyundai,Sonata,2006,1.0,235378,Petrol,Automatic,800
Nissan,Altima,2024,4.9,19401,Diesel,Automatic,28760
Hyundai,Elantra,2022,3.9,46614,Petrol,Automatic,22940
Hyundai,Tucson,2015,3.5,120728,Hybrid,Automatic,13130
Suzuki,Wagon R,2006,2.3,232074,Diesel,Manual,800
Honda,Civic,2008,4.5,226326,Diesel,Automatic,7490
Toyota,RAV4,2010,1.3,187010,Petrol,Manual,800
Toyota,Fortuner,2015,4.8,126564,Petrol,Automatic,18690
Suzuki,Baleno,2011,4.6,181750,Petrol,Automatic,6030
Toyota,Camry,2010,4.6,195071,Electric,Automatic,18730
Mercedes,A-Class,2016,1.2,118601,Hybrid,Manual,10950
Kia,Sportage,2020,3.7,67720,Diesel,Automatic,16440
Audi,Q5,2026,4.2,1748,Petrol,Manual,34260
Suzuki,Wagon R,2012,3.5,171420,Petrol,Automatic,9150
Audi,A4,2023,3.5,28706,Diesel,Automatic,30880
Honda,Civic,2015,1.7,120883,Petrol,Manual,4100
Nissan,Patrol,2005,4.8,245908,Petrol,Automatic,4580
Ford,Fiesta,2014,2.7,155765,Diesel,Manual,5770
Ford,Explorer,2010,1.2,202606,Petrol,Manual,800
BMW,3 Series,2014,4.0,133605,Diesel,Automatic,19260
Toyota,Fortuner,2025,3.8,11073,Petrol,Automatic,29080
Mercedes,C-Class,2024,4.9,18977,Petrol,Automatic,38260
Kia,Cerato,2010,1.6,196483,Diesel,Manual,800
Nissan,Altima,2010,1.8,190811,Petrol,Manual,800
Honda,City,2006,1.7,234997,Petrol,Automatic,800
Ford,Escape,2008,3.6,212754,Petrol,Automatic,8040
Hyundai,i10,2018,4.9,109236,Hybrid,Automatic,23670
Ford,Focus,2006,3.5,236893,Diesel,Automatic,4150
Mercedes,A-Class,2007,3.5,216449,Hybrid,Manual,9990
Suzuki,Swift,2026,1.8,3523,Petrol,Manual,12840
Audi,Q5,2010,3.3,198675,Petrol,Manual,9770
BMW,3 Series,2013,3.4,152244,Diesel,Automatic,20290
Ford,Escape,2016,2.8,116532,Petrol,Manual,9240
Kia,Stonic,2022,4.2,58705,Petrol,Automatic,19580
Mercedes,A-Class,2018,3.9,85301,Petrol,Manual,24490
Kia,Cerato,2020,3.8,83757,Petrol,Automatic,20550
Ford,Escape,2019,4.9,72932,Hybrid,Automatic,25040
Toyota,RAV4,2008,4.7,210516,Petrol,Manual,7740
Suzuki,Baleno,2020,1.9,78639,Petrol,Manual,5100
Suzuki,Cultus,2021,1.7,56920,Diesel,Automatic,9400
Ford,Fiesta,2008,4.6,214250,Diesel,Automatic,9580
Suzuki,Wagon R,2018,2.7,102282,Hybrid,Automatic,11700
Kia,Picanto,2020,3.0,65804,Diesel,Manual,11730
Toyota,Fortuner,2014,1.6,151342,Petrol,Manual,4160
Kia,Picanto,2009,2.8,219508,Diesel,Automatic,800
Kia,Sorento,2011,1.4,189359,Petrol,Automatic,800
Toyota,Fortuner,2011,4.1,174335,Petrol,Manual,9620
Toyota,Camry,2019,2.0,72982,Petrol,Manual,10760
Suzuki,Alto,2005,2.6,255493,Petrol,Automatic,800
Suzuki,Cultus,2006,2.2,254640,Diesel,Manual,800
Honda,CR-V,2017,4.5,110504,Hybrid,Automatic,22010
Mercedes,GLC,2011,1.0,175817,Petrol,Automatic,7500
Honda,Jazz,2017,2.2,112445,Petrol,Manual,7420
Nissan,Juke,2024,4.6,20529,Petrol,Automatic,26380
Hyundai,Sonata,2023,2.3,41246,Petrol,Automatic,18760
Nissan,Altima,2011,1.7,184344,Diesel,Manual,800
Nissan,Patrol,2023,3.9,26006,Petrol,Manual,23020
Hyundai,Elantra,2020,1.9,81970,Petrol,Automatic,12880
Toyota,Fortuner,2019,2.0,82779,Hybrid,Automatic,16210
Toyota,Camry,2014,3.5,141247,Petrol,Manual,6040
Nissan,Patrol,2016,2.0,114926,Diesel,Manual,6900
Ford,Focus,2009,4.7,195849,Diesel,Automatic,9830
Honda,Jazz,2017,4.7,96146,Petrol,Manual,18950
BMW,3 Series,2016,3.4,112625,Hybrid,Manual,20130
Hyundai,Elantra,2026,5.0,2326,Petrol,Automatic,31630
Honda,Accord,2026,1.7,0,Petrol,Automatic,21080
Suzuki,Wagon R,2020,3.3,68121,Electric,Manual,16430
Mercedes,C-Class,2020,4.0,72145,Petrol,Manual,28560
Nissan,Juke,2022,3.7,43769,Diesel,Automatic,22380
BMW,X1,2019,3.1,73467,Petrol,Automatic,25960
BMW,1 Series,2016,1.9,124064,Petrol,Automatic,18430
Suzuki,Cultus,2007,5.0,245334,Hybrid,Automatic,1320
Audi,A6,2007,3.2,228782,Hybrid,Manual,9230
Nissan,Altima,2013,3.1,161310,Petrol,Automatic,9390
Nissan,Juke,2020,2.8,81804,Petrol,Manual,15510
BMW,3 Series,2016,4.3,116190,Petrol,Automatic,23160
Honda,Civic,2017,4.8,106318,Diesel,Manual,19130
Toyota,Fortuner,2019,5.0,106405,Petrol,Automatic,22610
BMW,3 Series,2008,1.6,207607,Diesel,Manual,1430
Mercedes,GLC,2013,2.2,148314,Diesel,Automatic,13180
BMW,X1,2012,1.1,168051,Petrol,Manual,6740
Audi,Q5,2017,2.7,113147,Petrol,Automatic,21830
Audi,Q3,2020,1.7,81814,Petrol,Automatic,19470
Kia,Cerato,2008,3.1,198664,Electric,Automatic,8050
BMW,X5,2017,4.6,96979,Petrol,Automatic,27380
Toyota,RAV4,2006,2.3,242677,Diesel,Manual,800
Honda,Civic,2006,3.0,234641,Diesel,Manual,890
Toyota,Camry,2022,3.4,44540,Diesel,Automatic,24190
Kia,Sportage,2011,4.6,179956,Petrol,Automatic,11990
Honda,Accord,2007,1.0,241593,Petrol,Automatic,800
Suzuki,Baleno,2008,2.5,218307,Petrol,Manual,800
Hyundai,i10,2016,2.6,120790,Petrol,Automatic,9480
Suzuki,Alto,2025,2.2,14651,Petrol,Manual,14010
Audi,Q3,2019,3.0,86661,Petrol,Manual,20190
Kia,Stonic,2026,3.6,1816,Hybrid,Manual,24620
BMW,3 Series,2005,2.4,240578,Petrol,Automatic,2300
Toyota,RAV4,2017,2.4,117491,Petrol,Automatic,14540
Audi,A6,2005,4.7,236456,Electric,Manual,14740
Ford,Mustang,2012,3.3,170268,Diesel,Automatic,8060
Audi,A6,2007,3.2,215415,Petrol,Manual,8350
Suzuki,Wagon R,2008,2.9,214371,Diesel,Automatic,800
Mercedes,A-Class,2018,3.6,84087,Diesel,Automatic,26020
Mercedes,GLC,2021,3.9,72889,Petrol,Automatic,29460
Kia,Sorento,2012,1.5,167921,Petrol,Automatic,800
Mercedes,GLC,2020,4.7,80181,Diesel,Automatic,30280
Audi,Q3,2017,2.5,103717,Hybrid,Manual,19890
Hyundai,Elantra,2013,3.6,158761,Petrol,Manual,6840
BMW,X5,2015,3.9,122410,Petrol,Manual,17790
Ford,Escape,2021,4.6,61122,Petrol,Manual,22270
Kia,Sportage,2007,1.2,221631,Diesel,Automatic,800
Nissan,Altima,2026,2.1,252,Diesel,Manual,16120
Kia,Picanto,2024,4.2,35297,Petrol,Automatic,25140
Nissan,Patrol,2006,4.3,246448,Petrol,Automatic,5780
BMW,X5,2016,5.0,119799,Petrol,Automatic,26730
Suzuki,Cultus,2021,3.7,65707,Petrol,Automatic,16730
Honda,Jazz,2015,2.0,144809,Petrol,Manual,8720
Suzuki,Cultus,2025,4.2,14538,Petrol,Automatic,19820
Kia,Sorento,2018,1.6,92001,Diesel,Manual,3150
Suzuki,Cultus,2010,3.2,172695,Diesel,Automatic,2310
Ford,Explorer,2026,1.2,0,Petrol,Manual,13520
Nissan,Sunny,2006,1.1,234872,Petrol,Automatic,800
Honda,Accord,2006,1.6,244824,Hybrid,Manual,800
Kia,Stonic,2016,3.0,110104,Hybrid,Automatic,10790
Mercedes,E-Class,2026,2.9,7138,Petrol,Manual,27250
Ford,Explorer,2015,1.3,142310,Petrol,Manual,2740
Honda,CR-V,2005,2.4,256105,Petrol,Automatic,800
Toyota,Corolla,2005,3.1,251000,Petrol,Automatic,800
Suzuki,Wagon R,2015,1.6,136090,Petrol,Manual,800
Ford,Mustang,2012,1.1,165802,Hybrid,Manual,1400
Mercedes,GLC,2022,1.1,41229,Electric,Automatic,26300
Kia,Stonic,2021,3.9,55791,Petrol,Automatic,16540
Suzuki,Alto,2026,1.7,4705,Diesel,Manual,14860
Nissan,Sunny,2020,1.4,72026,Petrol,Automatic,10390
Ford,Focus,2009,4.5,216977,Petrol,Manual,5690
Audi,A4,2011,4.3,179413,Hybrid,Automatic,19440
Toyota,Yaris,2009,2.8,199687,Diesel,Manual,4580
Hyundai,Tucson,2020,3.2,93970,Petrol,Manual,12730
BMW,3 Series,2018,1.5,103366,Petrol,Automatic,18660
BMW,3 Series,2010,2.7,200869,Petrol,Automatic,10940
Honda,CR-V,2013,2.4,146542,Petrol,Automatic,7000
Nissan,Altima,2020,4.2,80001,Petrol,Manual,17640
Toyota,RAV4,2016,1.8,119839,Petrol,Manual,8730
Ford,Fiesta,2020,3.0,74088,Petrol,Automatic,16500
Ford,Mustang,2020,3.1,62966,Hybrid,Manual,13500
Audi,Q3,2010,4.7,178864,Petrol,Automatic,19060
Honda,Accord,2008,3.5,204361,Diesel,Automatic,4820
Kia,Stonic,2006,2.1,239446,Diesel,Manual,800
Nissan,X-Trail,2006,1.6,219108,Petrol,Manual,800
Nissan,Juke,2006,4.8,239701,Petrol,Manual,3360
Audi,A4,2024,2.7,15634,Petrol,Automatic,30070
BMW,3 Series,2026,3.0,0,Petrol,Manual,30320
Kia,Picanto,2025,2.1,11749,Petrol,Manual,16160
Nissan,Altima,2011,1.6,183954,Petrol,Automatic,2420
Mercedes,GLC,2018,4.3,109169,Petrol,Automatic,32040
Mercedes,E-Class,2018,4.8,93750,Electric,Automatic,33050
Nissan,Juke,2019,3.6,83118,Diesel,Manual,12910
Audi,A3,2010,4.8,194073,Diesel,Manual,15860
BMW,5 Series,2021,3.7,54698,Petrol,Manual,25890
Audi,Q3,2024,4.4,25742,Diesel,Manual,32590
Nissan,Patrol,2007,5.0,227804,Diesel,Automatic,8720
Hyundai,Sonata,2018,4.8,102267,Petrol,Automatic,19380
Ford,Escape,2025,2.7,14863,Petrol,Automatic,23130
Hyundai,Elantra,2005,1.6,254913,Diesel,Manual,800
Hyundai,i10,2010,1.9,193569,Diesel,Automatic,1440
Kia,Cerato,2024,3.3,9602,Petrol,Automatic,23670
Audi,Q3,2021,2.8,47978,Diesel,Manual,23990
Ford,Escape,2017,1.2,106079,Petrol,Automatic,6440
Kia,Stonic,2006,3.3,248900,Diesel,Automatic,800
Kia,Stonic,2015,3.7,126602,Electric,Automatic,16030
Audi,A3,2012,3.2,170287,Petrol,Automatic,14300
Mercedes,E-Class,2011,3.8,180372,Hybrid,Automatic,22790
Audi,Q3,2007,2.6,221977,Hybrid,Manual,6570
Nissan,Altima,2015,3.6,135346,Petrol,Manual,9090
Nissan,Sunny,2013,2.6,159682,Petrol,Manual,4260
Nissan,Juke,2022,2.6,34061,Diesel,Manual,14210
Ford,Explorer,2019,4.6,74934,Petrol,Automatic,19670
Ford,Fiesta,2010,3.3,185986,Diesel,Automatic,7540
Ford,Mustang,2014,4.9,152196,Petrol,Automatic,17100
Audi,A4,2005,3.5,260552,Petrol,Automatic,8120
Mercedes,A-Class,2024,2.0,16679,Hybrid,Manual,25760
Kia,Sportage,2025,2.3,20888,Petrol,Manual,16280
BMW,X5,2021,5.0,55039,Petrol,Manual,31130
Toyota,RAV4,2017,4.5,107227,Petrol,Automatic,19990
Audi,Q3,2019,3.9,76226,Petrol,Automatic,26340
Audi,Q5,2025,2.7,14212,Petrol,Manual,25020
Honda,Civic,2016,3.8,112112,Diesel,Automatic,19170
Suzuki,Baleno,2020,2.1,71437,Petrol,Automatic,11910
Ford,Fiesta,2007,3.1,234408,Diesel,Automatic,2740
Kia,Stonic,2019,1.3,73055,Diesel,Manual,4110
Suzuki,Baleno,2015,4.4,129503,Petrol,Manual,10570
BMW,1 Series,2013,4.3,169797,Hybrid,Automatic,23060
Toyota,Corolla,2020,2.9,76161,Petrol,Automatic,19180
Nissan,Altima,2014,4.6,167066,Diesel,Manual,11990
Suzuki,Swift,2009,3.2,204731,Electric,Automatic,4410
Toyota,Fortuner,2019,1.6,88556,Diesel,Automatic,11160
Kia,Stonic,2010,1.8,195354,Petrol,Automatic,1740
Ford,Focus,2026,2.9,0,Diesel,Automatic,22610
Hyundai,i10,2005,3.8,255237,Petrol,Automatic,820
Hyundai,Tucson,2015,3.3,138615,Petrol,Manual,10990
Kia,Picanto,2013,1.7,160633,Petrol,Automatic,1470
BMW,3 Series,2024,1.6,31199,Diesel,Automatic,25100
Nissan,Juke,2025,2.9,14941,Petrol,Automatic,21890
Mercedes,C-Class,2013,4.2,168284,Hybrid,Manual,22360
Suzuki,Baleno,2026,4.0,7441,Diesel,Automatic,21200
Mercedes,GLA,2008,4.9,213367,Petrol,Automatic,16250
Audi,Q5,2018,1.5,92048,Diesel,Automatic,14830
Kia,Stonic,2007,2.5,225516,Petrol,Manual,800
Honda,Accord,2018,2.9,106172,Hybrid,Automatic,16890
Nissan,X-Trail,2021,5.0,62004,Hybrid,Automatic,26510
Mercedes,E-Class,2013,2.2,168889,Petrol,Manual,9550
Nissan,Altima,2016,1.0,123584,Petrol,Automatic,3260
Audi,Q5,2020,4.3,69125,Diesel,Manual,26120
Hyundai,Sonata,2012,4.6,168013,Petrol,Manual,10140
Suzuki,Wagon R,2009,1.3,207634,Diesel,Manual,800
Honda,CR-V,2022,2.2,49737,Hybrid,Automatic,18120
Ford,Escape,2005,4.5,269811,Petrol,Automatic,800
Suzuki,Swift,2024,2.7,33097,Petrol,Automatic,14820
Suzuki,Wagon R,2024,2.1,27964,Petrol,Manual,12390
Hyundai,i10,2019,2.4,87110,Diesel,Automatic,13360
Honda,Jazz,2022,2.3,53808,Petrol,Manual,13930
Ford,Focus,2023,4.8,47896,Petrol,Automatic,27000
Toyota,Corolla,2024,3.4,16578,Hybrid,Manual,24850
Honda,Civic,2022,3.8,55602,Hybrid,Manual,23850
Nissan,Sunny,2022,4.5,59729,Diesel,Manual,24990
Toyota,RAV4,2011,3.2,175597,Electric,Automatic,12530
Toyota,Yaris,2008,2.7,224576,Diesel,Automatic,4580
Nissan,Altima,2007,4.0,224323,Diesel,Automatic,5960
Ford,Fiesta,2022,2.5,40550,Diesel,Automatic,15580
Audi,A3,2021,3.9,65060,Hybrid,Manual,28190
Honda,City,2022,2.3,50827,Petrol,Manual,15370
Ford,Mustang,2026,2.0,13583,Petrol,Automatic,18970
Suzuki,Alto,2025,2.6,14963,Hybrid,Manual,17230
Suzuki,Swift,2011,1.8,169172,Hybrid,Manual,800
Nissan,Juke,2017,3.0,115097,Petrol,Automatic,14780
Toyota,Fortuner,2025,1.3,24953,Diesel,Manual,16930
Mercedes,E-Class,2006,3.9,239209,Petrol,Automatic,10860
BMW,X5,2013,1.7,155520,Hybrid,Automatic,13680
Hyundai,Elantra,2020,3.9,71032,Petrol,Manual,14980
Ford,Escape,2014,1.4,145984,Hybrid,Manual,4630
Honda,Civic,2009,2.4,215460,Diesel,Automatic,800
Nissan,Altima,2009,3.8,197450,Petrol,Manual,6550
Ford,Escape,2018,3.5,82725,Petrol,Automatic,19600
Kia,Picanto,2007,1.0,231536,Diesel,Automatic,800
Honda,City,2015,2.7,133245,Petrol,Automatic,9900
Mercedes,E-Class,2025,2.3,15551,Petrol,Automatic,30460
Kia,Sportage,2005,4.6,259705,Diesel,Automatic,800
Honda,City,2026,3.5,0,Electric,Manual,28630
Ford,Explorer,2005,2.7,255621,Petrol,Manual,800
Kia,Sorento,2005,3.1,260891,Hybrid,Automatic,800
Mercedes,GLC,2014,4.5,135658,Diesel,Manual,23110
Audi,A6,2005,3.0,249763,Diesel,Manual,4110
Nissan,Patrol,2026,1.0,0,Electric,Manual,18180
Kia,Picanto,2009,4.4,203771,Petrol,Manual,4800
Mercedes,E-Class,2016,1.9,107748,Petrol,Automatic,18770
Ford,Escape,2015,3.5,129866,Diesel,Manual,13610
Honda,City,2007,1.0,226837,Diesel,Automatic,800
Kia,Sportage,2015,2.1,134800,Petrol,Manual,6090
Nissan,X-Trail,2010,3.5,192398,Hybrid,Manual,7890
Audi,A3,2016,4.1,117884,Hybrid,Manual,21760
Nissan,Altima,2011,2.9,183738,Diesel,Automatic,4090
Hyundai,i10,2023,4.7,40930,Diesel,Automatic,26270
Ford,Mustang,2024,4.8,18033,Petrol,Manual,23970
BMW,X5,2006,3.4,250346,Petrol,Manual,7840
Kia,Sportage,2009,3.3,205911,Petrol,Automatic,1940
Mercedes,C-Class,2009,4.4,202371,Petrol,Manual,15350
Toyota,Yaris,2009,2.0,190820,Hybrid,Automatic,6250
Toyota,Fortuner,2017,1.0,116151,Diesel,Automatic,10000
Ford,Escape,2014,1.1,147762,Diesel,Automatic,4810
Nissan,Sunny,2013,4.6,158996,Petrol,Manual,13720
Nissan,Altima,2015,1.7,136223,Petrol,Manual,4550
Audi,A6,2015,3.0,142202,Petrol,Automatic,19090
Nissan,Altima,2019,3.5,91697,Hybrid,Automatic,15090
BMW,5 Series,2011,3.3,189521,Petrol,Manual,11630
Hyundai,Elantra,2017,2.1,100177,Diesel,Automatic,9400
Suzuki,Swift,2026,4.3,0,Electric,Manual,26750
Audi,Q3,2017,1.5,123659,Diesel,Manual,11740
Mercedes,E-Class,2008,3.5,236031,Petrol,Automatic,10990
Toyota,Yaris,2026,3.2,19045,Petrol,Manual,22420
Ford,Escape,2019,4.8,87176,Petrol,Manual,18930
Hyundai,i10,2014,4.0,151517,Diesel,Manual,9870
Mercedes,E-Class,2011,4.7,176581,Petrol,Manual,20080
Hyundai,Sonata,2006,1.4,248771,Petrol,Automatic,800
Toyota,Camry,2009,4.2,213489,Hybrid,Manual,10300
Hyundai,Tucson,2007,3.5,227127,Diesel,Manual,800
BMW,X1,2022,3.5,55086,Hybrid,Automatic,29990
Nissan,Patrol,2010,2.7,203732,Diesel,Automatic,1790
Suzuki,Alto,2026,1.5,0,Diesel,Manual,11970
Toyota,Yaris,2023,4.8,38525,Petrol,Manual,24660
Honda,CR-V,2016,3.2,121977,Petrol,Manual,14740
Kia,Picanto,2015,1.4,137749,Hybrid,Automatic,5480
Ford,Escape,2020,1.3,68046,Hybrid,Automatic,15530
Mercedes,E-Class,2022,2.0,59675,Petrol,Automatic,25640
Honda,Civic,2016,3.4,116588,Diesel,Automatic,16020
Kia,Sportage,2014,3.5,139901,Petrol,Automatic,10860
Toyota,Camry,2014,1.6,123311,Hybrid,Manual,8410
Honda,Civic,2017,3.9,114415,Petrol,Automatic,16640
Honda,Accord,2023,1.2,40823,Petrol,Automatic,14260
Hyundai,Tucson,2012,1.7,156286,Petrol,Automatic,3320
Suzuki,Swift,2007,3.8,220420,Petrol,Automatic,800
BMW,X5,2011,2.4,175463,Hybrid,Manual,12250
Toyota,Camry,2008,1.2,212057,Hybrid,Automatic,2630
Toyota,Yaris,2019,2.6,81984,Electric,Automatic,19850
Kia,Stonic,2016,1.7,123212,Electric,Automatic,11910
Mercedes,C-Class,2013,4.9,158773,Petrol,Automatic,23560
Hyundai,Elantra,2014,3.1,138172,Petrol,Automatic,10180
Nissan,Juke,2017,1.3,118007,Petrol,Automatic,8700
Mercedes,E-Class,2005,2.0,261105,Petrol,Manual,1760
Hyundai,i10,2011,1.8,187025,Petrol,Automatic,800
BMW,X5,2014,3.4,152599,Petrol,Manual,20420
Suzuki,Alto,2015,4.4,123608,Diesel,Automatic,13650
BMW,X1,2023,2.7,33767,Diesel,Automatic,28100
Suzuki,Alto,2015,4.2,135481,Petrol,Manual,10420
Kia,Picanto,2022,3.0,53131,Petrol,Automatic,19640
Hyundai,Santa Fe,2005,4.1,261560,Petrol,Manual,800
Audi,Q3,2016,3.2,133796,Hybrid,Automatic,20010
Kia,Picanto,2009,5.0,202666,Diesel,Automatic,12860
Toyota,RAV4,2023,1.9,49506,Diesel,Manual,15640
Hyundai,Tucson,2007,2.1,217628,Petrol,Automatic,800
Toyota,RAV4,2015,2.6,124336,Diesel,Manual,9860
Mercedes,GLC,2008,1.5,205106,Petrol,Automatic,5540
Toyota,Yaris,2019,1.6,84737,Petrol,Automatic,12940
Suzuki,Wagon R,2016,3.2,122327,Petrol,Manual,5200
Honda,Accord,2015,2.6,128831,Petrol,Automatic,7910
Toyota,Corolla,2014,3.5,144317,Hybrid,Automatic,14650
Mercedes,E-Class,2008,2.6,211017,Petrol,Automatic,10810
Nissan,X-Trail,2016,3.6,132066,Hybrid,Manual,13660
Ford,Fiesta,2009,1.2,199146,Petrol,Automatic,800
Honda,Jazz,2019,3.0,95398,Petrol,Manual,12650
Honda,Civic,2023,4.5,28262,Petrol,Manual,23610
Hyundai,Santa Fe,2009,4.8,193432,Petrol,Automatic,10670
Suzuki,Baleno,2018,2.7,79632,Petrol,Automatic,9620
Audi,A6,2007,1.8,230984,Hybrid,Automatic,8870
Hyundai,Santa Fe,2018,4.4,102786,Diesel,Manual,16490
Nissan,Altima,2018,3.7,108768,Petrol,Automatic,14900
BMW,1 Series,2009,1.9,196397,Petrol,Automatic,6510
Toyota,Corolla,2011,3.1,179310,Diesel,Automatic,7620
Suzuki,Cultus,2014,3.0,159424,Petrol,Automatic,4790
Mercedes,A-Class,2026,4.0,0,Hybrid,Manual,33590
Audi,Q3,2022,2.9,46581,Petrol,Manual,21650
Honda,Accord,2008,3.9,218603,Petrol,Automatic,6760
Nissan,Patrol,2008,1.0,217567,Hybrid,Automatic,800
Toyota,Corolla,2006,3.8,238799,Hybrid,Automatic,7480
Hyundai,i10,2008,1.4,210033,Petrol,Automatic,800
Suzuki,Cultus,2018,2.7,93562,Petrol,Manual,7090
Ford,Mustang,2015,4.2,136877,Hybrid,Manual,14680
Mercedes,A-Class,2022,4.9,40643,Petrol,Automatic,36380
Honda,Civic,2008,4.1,213076,Petrol,Automatic,8180
Suzuki,Swift,2018,4.1,95452,Diesel,Automatic,14640
Suzuki,Baleno,2013,4.0,169955,Petrol,Automatic,8560
Toyota,RAV4,2023,3.0,33923,Diesel,Manual,22090
Toyota,Fortuner,2021,4.8,47175,Electric,Automatic,30870
BMW,1 Series,2006,3.5,241186,Petrol,Automatic,8310
Toyota,Fortuner,2014,1.9,135690,Petrol,Automatic,8350
Hyundai,i10,2025,3.1,11606,Petrol,Manual,19090
BMW,1 Series,2008,2.3,220032,Petrol,Automatic,7380
Nissan,Juke,2026,1.3,6050,Electric,Manual,19000
Audi,A6,2021,4.1,74048,Petrol,Automatic,28520
Mercedes,GLC,2025,2.7,11151,Hybrid,Automatic,32920
Mercedes,C-Class,2009,4.3,196687,Petrol,Automatic,16670
Hyundai,Sonata,2013,3.4,165500,Hybrid,Manual,6030
Mercedes,A-Class,2025,4.7,12642,Diesel,Manual,34570
Kia,Sorento,2019,3.8,102746,Petrol,Manual,12860
Toyota,Camry,2025,1.5,18854,Diesel,Automatic,16610
BMW,5 Series,2016,1.5,111853,Electric,Manual,14310
Hyundai,i10,2016,4.7,123533,Petrol,Manual,14990
Ford,Explorer,2006,2.8,237188,Petrol,Automatic,800
BMW,5 Series,2014,3.6,146845,Hybrid,Automatic,23440
Audi,Q5,2011,4.4,182431,Diesel,Manual,18010
Honda,CR-V,2021,2.1,68745,Petrol,Automatic,16700
Kia,Sportage,2011,3.2,180337,Hybrid,Automatic,8730
Nissan,Patrol,2019,3.3,85468,Hybrid,Manual,16780
Audi,Q3,2009,3.5,201437,Hybrid,Manual,10070
Hyundai,Elantra,2016,1.4,125258,Petrol,Automatic,6200
Kia,Stonic,2009,4.0,203139,Hybrid,Manual,7630
Hyundai,i10,2010,1.7,190547,Hybrid,Manual,800
Hyundai,Sonata,2010,2.4,192836,Petrol,Automatic,980
Kia,Picanto,2024,1.9,28475,Hybrid,Automatic,18920
Hyundai,i10,2006,4.9,237711,Petrol,Automatic,6720
Nissan,Altima,2024,4.0,23549,Petrol,Manual,23090
Suzuki,Swift,2021,1.9,57814,Diesel,Automatic,10630
Audi,Q5,2016,1.6,120537,Petrol,Automatic,16910
Suzuki,Cultus,2019,3.4,94949,Diesel,Automatic,13750
Audi,A4,2007,1.9,221834,Petrol,Manual,5690
Audi,Q5,2020,3.8,57514,Petrol,Manual,25350
Hyundai,Santa Fe,2016,2.2,119069,Electric,Automatic,11770
Ford,Focus,2009,1.7,211428,Electric,Manual,1820
Ford,Explorer,2019,2.9,78913,Diesel,Automatic,16560
BMW,3 Series,2016,4.2,123481,Hybrid,Automatic,29230
BMW,1 Series,2026,3.9,1717,Petrol,Manual,35770
Nissan,Altima,2006,4.0,252870,Electric,Automatic,6540
Honda,CR-V,2015,5.0,133516,Petrol,Manual,18810
Audi,Q5,2015,4.3,126977,Diesel,Automatic,24720
Nissan,Patrol,2008,2.5,218215,Petrol,Automatic,2140
Toyota,Fortuner,2009,2.6,206723,Petrol,Automatic,4060
Mercedes,C-Class,2016,2.4,125664,Petrol,Automatic,17490
Audi,A3,2016,1.9,120905,Petrol,Automatic,15130
Mercedes,C-Class,2026,4.4,0,Hybrid,Manual,36430
Audi,A3,2020,1.0,63191,Hybrid,Automatic,20560
Ford,Focus,2005,1.6,250476,Petrol,Manual,800
Honda,Jazz,2010,3.7,196179,Petrol,Manual,4220
Kia,Cerato,2020,1.5,73950,Petrol,Automatic,10490
Kia,Sorento,2026,1.0,0,Petrol,Manual,13720
Hyundai,i10,2015,3.6,114724,Diesel,Automatic,11340
Kia,Sportage,2015,2.8,126652,Petrol,Automatic,8050
Audi,Q5,2005,3.8,246533,Hybrid,Manual,9260
Nissan,Sunny,2008,3.2,207243,Hybrid,Manual,800
Ford,Mustang,2026,2.2,6406,Diesel,Automatic,23490
Mercedes,A-Class,2010,2.8,200994,Petrol,Automatic,13480
Ford,Escape,2009,1.3,197077,Petrol,Manual,800
Mercedes,E-Class,2010,2.3,203517,Petrol,Manual,5950
Mercedes,E-Class,2012,4.8,168291,Diesel,Automatic,20070
BMW,1 Series,2026,1.1,4171,Petrol,Manual,22470
Honda,Accord,2015,5.0,128684,Petrol,Manual,17510
Toyota,Corolla,2025,4.0,11767,Petrol,Automatic,29990
Nissan,Juke,2007,3.4,225119,Petrol,Manual,800
Honda,Accord,2008,3.4,205340,Petrol,Automatic,6240
Honda,Jazz,2021,2.4,60777,Hybrid,Automatic,20650
Hyundai,Santa Fe,2013,2.4,154207,Petrol,Automatic,6210
Toyota,Camry,2006,1.3,236610,Petrol,Automatic,800
Hyundai,Santa Fe,2009,2.2,209280,Hybrid,Automatic,3790
Toyota,Yaris,2025,1.7,15102,Diesel,Manual,17870
BMW,X5,2019,1.4,88130,Petrol,Automatic,19100
Hyundai,Santa Fe,2024,2.3,24517,Petrol,Manual,12470
Ford,Focus,2013,3.4,146814,Petrol,Automatic,10380
Ford,Fiesta,2019,5.0,88676,Petrol,Manual,19410
Ford,Fiesta,2013,4.9,163119,Petrol,Automatic,13950
Nissan,X-Trail,2025,4.8,14934,Petrol,Manual,27010
Toyota,Yaris,2014,3.4,142170,Electric,Manual,17350
Suzuki,Baleno,2006,1.4,242311,Hybrid,Manual,800
Ford,Mustang,2025,2.8,10748,Petrol,Automatic,21570
Toyota,Corolla,2025,1.2,27868,Diesel,Manual,14160
Kia,Sportage,2010,3.5,194601,Diesel,Automatic,5540
Suzuki,Swift,2009,3.0,205197,Diesel,Automatic,800
Honda,Jazz,2011,1.1,175285,Petrol,Automatic,2380
Nissan,Patrol,2018,4.8,97648,Petrol,Automatic,18570
BMW,X1,2017,3.4,115926,Diesel,Manual,19230
Toyota,Camry,2019,1.6,77802,Petrol,Manual,9020
Suzuki,Baleno,2005,1.2,243600,Petrol,Automatic,800
Ford,Focus,2016,4.8,121305,Hybrid,Automatic,21500
Audi,Q5,2015,2.2,127636,Petrol,Manual,13550
Mercedes,E-Class,2006,2.9,243174,Petrol,Manual,8570
Suzuki,Baleno,2015,2.7,121802,Diesel,Automatic,6770
Ford,Escape,2014,1.9,146644,Diesel,Automatic,1840
Suzuki,Wagon R,2011,2.5,173365,Diesel,Automatic,3740
Toyota,Fortuner,2019,1.8,90098,Petrol,Manual,10130
Ford,Focus,2006,4.7,241435,Diesel,Manual,3680
Suzuki,Baleno,2010,3.2,203758,Diesel,Automatic,800
Nissan,Juke,2005,3.7,251732,Petrol,Automatic,3370
Mercedes,A-Class,2015,3.0,141162,Petrol,Manual,17000
BMW,X5,2005,4.9,249916,Petrol,Manual,13230
Honda,Jazz,2021,1.5,65399,Petrol,Manual,12250
Toyota,Yaris,2010,1.1,199690,Hybrid,Manual,2360
Toyota,Camry,2021,1.2,64094,Hybrid,Automatic,17210
Audi,Q5,2010,3.9,206803,Petrol,Automatic,14680
Nissan,Sunny,2022,4.3,53068,Diesel,Automatic,24710
Suzuki,Swift,2022,3.8,54658,Hybrid,Automatic,21990
Ford,Fiesta,2011,4.0,174870,Diesel,Manual,7630
Honda,CR-V,2022,3.4,47736,Petrol,Automatic,20390
Audi,Q5,2011,3.5,175999,Diesel,Automatic,15430
Ford,Escape,2025,1.3,16428,Petrol,Manual,14130
Honda,Accord,2026,5.0,1092,Petrol,Manual,30030
Hyundai,Elantra,2008,1.0,210816,Petrol,Automatic,800
Mercedes,C-Class,2010,1.2,194781,Petrol,Manual,3520
Mercedes,GLC,2015,2.0,129399,Diesel,Automatic,15190
Audi,Q5,2016,3.9,112300,Hybrid,Automatic,26140
Suzuki,Cultus,2020,4.6,79286,Petrol,Manual,13560
Audi,Q3,2011,4.3,186364,Hybrid,Manual,15400
Hyundai,Tucson,2007,2.3,225433,Petrol,Manual,800
Kia,Sorento,2014,4.0,132429,Petrol,Automatic,11540
Hyundai,i10,2015,4.3,138726,Electric,Manual,15600
Nissan,Juke,2020,2.2,51026,Petrol,Manual,11790
BMW,3 Series,2005,1.7,256006,Diesel,Automatic,1270
Audi,A6,2018,3.4,92184,Petrol,Manual,20640
Honda,City,2020,1.4,67697,Diesel,Manual,9970
Kia,Sorento,2023,4.5,43909,Diesel,Automatic,23430
Toyota,Camry,2023,3.6,47661,Petrol,Automatic,22920
Suzuki,Baleno,2023,3.6,42556,Diesel,Manual,16210
Hyundai,Sonata,2019,1.9,76602,Diesel,Automatic,10000
Audi,A4,2019,2.3,80774,Petrol,Automatic,21680
Nissan,Altima,2010,3.7,175698,Petrol,Automatic,8310
Kia,Stonic,2014,2.1,154104,Petrol,Automatic,6270
Mercedes,GLC,2020,4.2,86772,Petrol,Manual,25670
Suzuki,Cultus,2014,4.6,144196,Petrol,Manual,9840
Ford,Explorer,2012,4.2,172439,Hybrid,Manual,9190
Hyundai,i10,2026,1.9,0,Petrol,Automatic,19860
Kia,Stonic,2015,1.0,143149,Diesel,Manual,800
Nissan,Juke,2017,1.1,116178,Hybrid,Automatic,6910
Honda,City,2017,2.4,94391,Petrol,Manual,12400
BMW,1 Series,2007,1.0,215082,Diesel,Automatic,3550
Mercedes,E-Class,2009,1.9,201376,Petrol,Automatic,9820
Audi,Q3,2005,3.1,257806,Hybrid,Automatic,11550
Mercedes,A-Class,2024,2.7,34439,Petrol,Automatic,28020
Audi,A3,2025,2.1,10413,Petrol,Automatic,25870
Suzuki,Swift,2020,1.2,63531,Petrol,Automatic,7070
Toyota,Fortuner,2016,4.5,133784,Hybrid,Automatic,21760
BMW,5 Series,2020,5.0,75547,Petrol,Automatic,29310
Toyota,Camry,2016,1.2,122666,Petrol,Automatic,7720
Audi,A6,2010,1.0,185918,Diesel,Automatic,5640
Ford,Explorer,2005,1.3,254751,Hybrid,Automatic,800
Honda,CR-V,2020,4.2,73938,Diesel,Automatic,22700
Audi,A3,2020,3.2,80685,Petrol,Automatic,24100
Kia,Stonic,2019,4.2,75990,Petrol,Manual,14030
Toyota,Corolla,2005,3.1,244072,Petrol,Automatic,2180
Audi,Q3,2006,1.5,235395,Petrol,Automatic,3290
Ford,Explorer,2007,1.4,224134,Petrol,Automatic,800
Nissan,Juke,2008,3.0,208270,Electric,Manual,6050
Ford,Escape,2010,1.5,198833,Hybrid,Automatic,1560
Ford,Focus,2019,3.8,90997,Petrol,Automatic,18480
Nissan,Juke,2021,3.2,49722,Petrol,Manual,14800
Toyota,RAV4,2021,3.0,67675,Diesel,Manual,14970
Nissan,Altima,2025,3.9,0,Petrol,Automatic,26780
Suzuki,Swift,2019,3.5,85467,Petrol,Automatic,13120
BMW,X5,2018,4.6,102049,Diesel,Automatic,27970
Kia,Sorento,2026,4.4,0,Hybrid,Manual,28250
BMW,3 Series,2008,3.1,224481,Petrol,Automatic,9470
Honda,CR-V,2011,1.5,167516,Diesel,Manual,800
Honda,Jazz,2022,1.3,50423,Petrol,Manual,12760
Hyundai,Sonata,2005,3.4,251880,Petrol,Automatic,1310
Honda,City,2021,4.0,61988,Diesel,Manual,16650
Honda,Accord,2017,5.0,109268,Petrol,Manual,17800
Ford,Fiesta,2025,4.3,2594,Petrol,Automatic,27280
Toyota,Fortuner,2008,2.6,222240,Petrol,Automatic,1570
Toyota,RAV4,2008,1.0,208825,Petrol,Manual,800
Toyota,Yaris,2018,1.7,83165,Electric,Automatic,17390
Kia,Picanto,2008,1.6,208150,Petrol,Manual,800
Ford,Escape,2005,1.7,250436,Hybrid,Manual,800
BMW,X1,2015,3.3,127294,Petrol,Automatic,24020
Toyota,Corolla,2022,2.4,47249,Petrol,Automatic,19480
BMW,X5,2021,4.3,56188,Hybrid,Automatic,30880
Honda,CR-V,2013,3.5,157362,Electric,Automatic,15400
Honda,City,2018,4.1,92942,Diesel,Manual,16070
Kia,Sportage,2008,3.7,229005,Diesel,Manual,800
Suzuki,Wagon R,2021,2.2,54460,Petrol,Automatic,9670
BMW,X5,2018,3.1,87439,Petrol,Manual,18860
BMW,3 Series,2017,4.4,111201,Diesel,Automatic,27490
Toyota,Fortuner,2023,3.6,36204,Petrol,Automatic,24460
Kia,Picanto,2012,2.2,158065,Petrol,Manual,800
Mercedes,A-Class,2005,2.1,243176,Diesel,Automatic,4810
Kia,Cerato,2005,3.8,251990,Petrol,Automatic,2370
Nissan,Altima,2024,2.3,16105,Hybrid,Automatic,22870
Ford,Fiesta,2017,3.8,113963,Diesel,Automatic,16370
Audi,Q3,2020,4.8,66388,Electric,Manual,32950
Hyundai,Santa Fe,2015,4.0,142594,Petrol,Automatic,10990
Honda,CR-V,2012,1.9,180447,Petrol,Automatic,4480
Ford,Fiesta,2023,2.8,47437,Petrol,Manual,15570
Honda,Civic,2006,2.9,251801,Petrol,Manual,800
Toyota,Corolla,2005,2.7,235505,Diesel,Manual,800
Mercedes,GLA,2024,3.1,13662,Petrol,Manual,31880
Honda,CR-V,2017,2.9,102258,Petrol,Automatic,13650
Ford,Escape,2025,2.2,2730,Petrol,Automatic,20450
Nissan,Sunny,2007,4.4,228568,Petrol,Manual,4160
Nissan,X-Trail,2018,4.4,105544,Petrol,Manual,16880
Mercedes,GLC,2014,4.4,145817,Diesel,Automatic,24140
BMW,5 Series,2006,4.2,246664,Hybrid,Automatic,12640
Audi,A4,2007,1.6,237580,Hybrid,Manual,2710
Audi,A6,2026,4.6,5987,Diesel,Manual,32590
Ford,Mustang,2011,4.2,183273,Petrol,Automatic,12320
Honda,Jazz,2007,2.9,232754,Petrol,Automatic,2530
Audi,A4,2020,2.2,70577,Petrol,Automatic,22010
Kia,Cerato,2015,1.9,145754,Diesel,Manual,800
BMW,1 Series,2011,3.7,185462,Diesel,Automatic,17480
Toyota,Fortuner,2026,3.1,1546,Hybrid,Automatic,29290
Hyundai,Elantra,2026,3.4,0,Petrol,Automatic,25280
Suzuki,Alto,2011,3.5,178323,Diesel,Manual,2510
Nissan,Altima,2016,4.9,120802,Petrol,Automatic,16680
Toyota,Fortuner,2013,4.7,159337,Electric,Manual,15710
Kia,Sportage,2024,2.4,14225,Petrol,Automatic,17570
Mercedes,E-Class,2017,4.0,103237,Diesel,Automatic,24290
Kia,Stonic,2026,4.9,4114,Diesel,Manual,27130
Nissan,Juke,2024,3.9,15681,Diesel,Automatic,26700
Ford,Focus,2017,1.0,104102,Diesel,Manual,3510
Toyota,Camry,2007,3.3,230834,Petrol,Manual,800
Mercedes,A-Class,2019,4.8,92260,Petrol,Automatic,30900
Suzuki,Alto,2010,1.4,186569,Electric,Automatic,800
Kia,Sportage,2014,1.1,133031,Diesel,Manual,960
Suzuki,Swift,2022,1.0,45897,Petrol,Automatic,7680
BMW,X1,2026,4.0,0,Petrol,Automatic,34870
BMW,X1,2023,2.1,37143,Petrol,Automatic,22140
Ford,Focus,2016,1.6,118295,Petrol,Automatic,7960
Ford,Explorer,2016,3.9,123050,Hybrid,Automatic,20110
Nissan,Altima,2008,1.8,222654,Diesel,Automatic,800
Hyundai,Sonata,2008,4.2,215682,Petrol,Manual,3380
Kia,Sportage,2021,3.4,51421,Petrol,Automatic,17020
Toyota,Camry,2009,4.9,203407,Hybrid,Manual,9560
Toyota,Fortuner,2006,3.9,242835,Diesel,Automatic,3780
Suzuki,Swift,2013,4.2,153270,Hybrid,Automatic,11210
Ford,Mustang,2009,2.6,191503,Diesel,Automatic,4400
Honda,Civic,2016,4.3,127906,Petrol,Manual,16440
Suzuki,Swift,2010,5.0,190763,Petrol,Manual,4530
Ford,Mustang,2019,4.4,93628,Diesel,Manual,16240
Audi,A6,2007,2.0,229795,Hybrid,Automatic,4310
Mercedes,GLC,2014,4.0,138273,Petrol,Automatic,21900
Audi,A6,2018,3.6,100715,Petrol,Automatic,24630
Nissan,Juke,2008,1.1,214622,Diesel,Automatic,800
Toyota,Camry,2011,2.2,180685,Petrol,Automatic,5650
Toyota,Yaris,2017,2.7,113183,Hybrid,Automatic,15890
Toyota,Fortuner,2010,4.1,195296,Petrol,Automatic,7850
Kia,Sportage,2005,3.5,259723,Hybrid,Manual,800
Toyota,RAV4,2013,2.0,159471,Petrol,Manual,1200
Ford,Explorer,2012,4.5,174625,Hybrid,Automatic,16700
BMW,3 Series,2024,4.2,24528,Petrol,Automatic,37120
Honda,Jazz,2016,3.4,122552,Hybrid,Automatic,15690
Honda,CR-V,2008,1.8,210442,Petrol,Manual,800
Audi,Q3,2015,1.5,126267,Petrol,Manual,12410
Honda,Jazz,2007,4.3,233802,Diesel,Manual,3290
Mercedes,GLC,2014,2.5,142320,Diesel,Manual,16330
Kia,Stonic,2007,2.8,236022,Petrol,Automatic,800
Mercedes,GLC,2008,3.7,228637,Petrol,Automatic,12180
Mercedes,C-Class,2019,1.9,97797,Diesel,Automatic,24660
Kia,Picanto,2018,4.2,88022,Electric,Automatic,20740
Nissan,Patrol,2008,3.7,211093,Petrol,Automatic,6250
BMW,1 Series,2026,2.2,2400,Electric,Automatic,33350
Toyota,Fortuner,2019,1.9,84435,Hybrid,Manual,13920
Hyundai,Sonata,2007,4.8,230833,Diesel,Automatic,8620
Audi,Q5,2006,2.3,232111,Petrol,Automatic,3710
Nissan,Altima,2024,1.0,27040,Electric,Automatic,17490
Suzuki,Baleno,2012,1.1,172805,Hybrid,Automatic,800
Hyundai,i10,2022,3.5,46592,Petrol,Automatic,18950
Toyota,Yaris,2008,4.8,205907,Diesel,Manual,7490
BMW,X1,2023,1.1,44725,Diesel,Automatic,22280
Kia,Stonic,2014,3.4,141623,Diesel,Manual,9660
Honda,Civic,2009,3.3,212436,Petrol,Manual,2720
Audi,A6,2012,4.2,171087,Petrol,Automatic,18850
Ford,Mustang,2008,1.4,223346,Electric,Manual,800
Suzuki,Baleno,2022,5.0,43948,Hybrid,Automatic,23450
Honda,Civic,2009,4.0,204250,Petrol,Manual,4040
BMW,X1,2024,1.8,21164,Petrol,Automatic,25880
Honda,Accord,2024,2.3,18127,Petrol,Automatic,19970
Suzuki,Alto,2025,3.2,0,Petrol,Manual,18540
Ford,Mustang,2023,2.7,25817,Electric,Automatic,25320
Nissan,X-Trail,2019,4.9,81901,Petrol,Manual,20470
Mercedes,GLC,2005,3.0,256867,Petrol,Manual,5020
Honda,City,2009,2.0,212133,Diesel,Automatic,2120
BMW,3 Series,2015,1.0,131073,Diesel,Automatic,15380
Mercedes,GLA,2025,3.9,30845,Petrol,Manual,31770
BMW,1 Series,2018,3.8,105712,Petrol,Automatic,24940
Mercedes,A-Class,2006,1.9,237844,Petrol,Automatic,5240
Suzuki,Alto,2009,2.7,204331,Petrol,Manual,800
Honda,Jazz,2008,3.0,209027,Diesel,Manual,3060
BMW,3 Series,2007,2.8,228756,Petrol,Automatic,7810
Hyundai,Tucson,2015,4.8,128823,Diesel,Manual,14150
Audi,A4,2015,4.6,126904,Diesel,Manual,23760
Mercedes,A-Class,2009,3.5,206153,Petrol,Automatic,12570
Ford,Fiesta,2026,2.6,11210,Petrol,Automatic,22580
Kia,Picanto,2011,3.6,175711,Diesel,Automatic,7370
BMW,5 Series,2015,3.7,132868,Petrol,Automatic,19800
Nissan,Juke,2019,3.6,92873,Petrol,Automatic,18390
Ford,Explorer,2023,2.3,31424,Petrol,Manual,12840
Ford,Fiesta,2011,1.5,181125,Hybrid,Automatic,5840
BMW,5 Series,2026,2.8,0,Petrol,Manual,26110
Audi,Q3,2022,3.7,54934,Petrol,Automatic,31120
Toyota,Camry,2018,2.2,99544,Diesel,Automatic,12900
Nissan,Patrol,2024,2.3,28572,Petrol,Automatic,21930
Nissan,Altima,2017,1.9,107343,Diesel,Manual,7740
Kia,Cerato,2015,1.1,135857,Petrol,Automatic,1660
Honda,CR-V,2010,1.4,191738,Diesel,Automatic,820
Nissan,X-Trail,2023,3.3,47401,Petrol,Automatic,17300
Nissan,Altima,2013,4.1,157221,Petrol,Manual,9240
Ford,Escape,2008,1.0,219598,Petrol,Manual,800
Audi,A3,2013,4.4,148039,Petrol,Manual,16420
Suzuki,Alto,2023,2.6,39153,Diesel,Automatic,15390
BMW,X5,2005,4.8,249257,Hybrid,Manual,15000
Honda,Civic,2013,3.4,164780,Petrol,Automatic,12060
Audi,Q5,2021,1.2,69182,Petrol,Automatic,22570
Toyota,RAV4,2020,2.5,95113,Diesel,Manual,11770
Kia,Sportage,2018,2.1,96307,Diesel,Automatic,10910
Suzuki,Swift,2019,1.2,91479,Petrol,Automatic,7550
BMW,3 Series,2010,2.5,208474,Diesel,Automatic,10790
Nissan,Altima,2014,4.3,143137,Hybrid,Automatic,15940
Nissan,Altima,2010,2.1,185747,Electric,Automatic,4490
Nissan,Altima,2020,4.4,71235,Diesel,Automatic,21390
Toyota,Fortuner,2008,2.6,235574,Petrol,Manual,1400
Nissan,Juke,2020,4.6,71076,Petrol,Automatic,22290
Suzuki,Baleno,2017,4.5,126900,Hybrid,Manual,12660
Mercedes,A-Class,2011,2.5,168257,Diesel,Manual,9140
Ford,Escape,2023,4.9,37385,Petrol,Automatic,26160
Nissan,Altima,2011,1.1,191349,Petrol,Manual,800
Nissan,Juke,2021,2.1,61456,Petrol,Automatic,15350
BMW,X1,2026,3.9,0,Diesel,Automatic,36310
Hyundai,Tucson,2026,2.3,0,Electric,Manual,22940
Mercedes,GLC,2015,3.5,140391,Electric,Manual,22550
Audi,Q3,2019,1.9,80750,Petrol,Automatic,19250
BMW,1 Series,2019,1.1,94288,Petrol,Automatic,18990
Mercedes,A-Class,2008,1.1,229656,Diesel,Automatic,4010
Audi,A6,2018,5.0,93914,Petrol,Manual,28560
Audi,A6,2008,2.7,222591,Petrol,Manual,7320
BMW,X5,2026,1.4,0,Petrol,Automatic,25350
Nissan,Sunny,2005,2.3,252868,Hybrid,Automatic,800
Toyota,Fortuner,2014,3.9,151227,Petrol,Manual,12600
Nissan,Patrol,2019,3.8,91301,Electric,Automatic,24230
Suzuki,Wagon R,2021,3.7,59552,Diesel,Manual,13070
Kia,Stonic,2014,4.7,144664,Petrol,Manual,10170
Nissan,Altima,2026,3.9,7430,Petrol,Automatic,25450
Suzuki,Cultus,2017,3.6,112482,Diesel,Automatic,9770
Suzuki,Cultus,2008,3.1,221511,Diesel,Manual,800
Mercedes,GLC,2007,3.1,217900,Diesel,Manual,5760
Ford,Explorer,2026,1.1,0,Diesel,Automatic,17940
Toyota,RAV4,2009,4.2,211825,Petrol,Automatic,11090
Nissan,X-Trail,2009,1.0,179177,Petrol,Manual,800
Toyota,Yaris,2025,4.6,27406,Petrol,Manual,30090
Nissan,Altima,2011,2.4,176631,Diesel,Manual,2700
Audi,Q3,2012,4.0,168470,Diesel,Automatic,17840
Kia,Sorento,2026,1.5,11233,Hybrid,Manual,14950
Audi,A3,2022,2.4,52767,Hybrid,Manual,24400
Audi,Q5,2009,2.2,201098,Hybrid,Manual,10050
BMW,3 Series,2018,4.6,98817,Diesel,Automatic,29460
Honda,Civic,2020,1.0,68524,Petrol,Automatic,9010
Suzuki,Wagon R,2020,2.8,78699,Petrol,Automatic,15140
Mercedes,E-Class,2018,1.6,80604,Petrol,Automatic,19810
Nissan,Sunny,2012,3.9,168658,Diesel,Manual,7180
BMW,X1,2022,4.9,50116,Petrol,Manual,31610
Mercedes,GLA,2013,2.9,155413,Petrol,Manual,12980
Kia,Sorento,2025,1.4,16755,Petrol,Automatic,16810
Nissan,Patrol,2011,3.7,184915,Petrol,Automatic,7880
Kia,Sportage,2024,4.7,11469,Petrol,Automatic,28090
Toyota,Camry,2009,2.5,198526,Petrol,Manual,3300
Mercedes,E-Class,2015,4.9,140562,Diesel,Automatic,27900
Honda,City,2013,1.1,143621,Petrol,Automatic,5460
Honda,Accord,2021,4.0,81098,Petrol,Manual,20820
Nissan,X-Trail,2026,2.1,0,Diesel,Automatic,19610
Kia,Cerato,2012,3.6,161299,Petrol,Automatic,5380
Ford,Fiesta,2011,4.5,196248,Diesel,Automatic,13030
Toyota,Yaris,2013,2.3,170308,Petrol,Manual,5080
Toyota,Yaris,2014,3.0,145853,Petrol,Manual,9450
Mercedes,E-Class,2018,3.7,92220,Diesel,Automatic,27320
Kia,Stonic,2026,3.7,0,Petrol,Automatic,25240
Nissan,Juke,2018,4.6,94379,Petrol,Automatic,18070
Kia,Picanto,2022,3.7,61600,Petrol,Automatic,19400
Toyota,RAV4,2015,3.1,116608,Petrol,Manual,10260
Audi,Q5,2015,2.2,130003,Hybrid,Automatic,15850
Audi,Q5,2008,4.9,206144,Petrol,Automatic,18590
BMW,X5,2023,1.1,32167,Diesel,Automatic,20670
Nissan,Juke,2010,4.3,186121,Petrol,Automatic,9340
Honda,Jazz,2023,4.6,33145,Diesel,Automatic,26150
Ford,Mustang,2022,1.4,53691,Diesel,Automatic,11400
Kia,Cerato,2026,2.8,17890,Hybrid,Automatic,24830
Nissan,Sunny,2017,1.4,107486,Diesel,Manual,3570
Toyota,RAV4,2024,1.2,18375,Petrol,Automatic,18970
Ford,Focus,2019,1.0,97884,Diesel,Automatic,11380
BMW,1 Series,2005,4.2,242087,Petrol,Automatic,12520
Honda,Jazz,2023,1.3,33380,Petrol,Manual,13090
Suzuki,Wagon R,2007,1.0,220034,Diesel,Manual,800
Honda,Civic,2017,1.4,102261,Petrol,Automatic,7610
Hyundai,Elantra,2012,3.5,177557,Hybrid,Automatic,10330
Suzuki,Alto,2012,4.3,168401,Petrol,Manual,6830
Toyota,Camry,2016,2.2,127321,Electric,Manual,11630
Suzuki,Wagon R,2019,3.0,99441,Diesel,Automatic,11820
Audi,A4,2019,4.7,66835,Petrol,Manual,24420
Suzuki,Alto,2016,4.8,125192,Hybrid,Automatic,15780
Ford,Focus,2023,2.1,23013,Diesel,Automatic,19170
BMW,1 Series,2009,1.4,209155,Diesel,Automatic,5730
Mercedes,E-Class,2019,2.6,83926,Petrol,Automatic,23010
Audi,A3,2026,3.4,0,Petrol,Automatic,32660
Nissan,Altima,2011,4.5,182464,Diesel,Automatic,14820
Honda,Civic,2013,4.4,171995,Petrol,Manual,10780
Kia,Sportage,2025,1.7,3936,Petrol,Automatic,17490
Nissan,Altima,2017,4.7,105121,Petrol,Automatic,17910
Toyota,Corolla,2013,4.9,159246,Diesel,Manual,12950
Toyota,RAV4,2019,3.7,87352,Hybrid,Automatic,20460
Kia,Picanto,2017,3.5,115930,Petrol,Automatic,17520
Nissan,Patrol,2010,4.9,194662,Petrol,Automatic,10520
Toyota,Fortuner,2012,1.5,189421,Hybrid,Automatic,4840
Ford,Explorer,2017,1.5,110962,Petrol,Automatic,8030
Toyota,Camry,2017,2.2,114785,Diesel,Automatic,10710
Ford,Fiesta,2025,1.0,24753,Petrol,Automatic,16800
Honda,Jazz,2006,4.7,246092,Hybrid,Automatic,8510
Ford,Escape,2016,1.9,114955,Diesel,Automatic,12660
Toyota,Yaris,2016,1.1,124158,Hybrid,Automatic,8140
Hyundai,Tucson,2006,3.0,227834,Diesel,Manual,800
Honda,Jazz,2018,4.2,102999,Petrol,Manual,17610
Kia,Sportage,2007,1.8,212155,Petrol,Automatic,800
Nissan,Sunny,2019,2.4,86926,Diesel,Automatic,13520
Honda,CR-V,2017,4.5,110265,Diesel,Automatic,18870
Mercedes,C-Class,2020,3.8,79834,Petrol,Automatic,28660
Suzuki,Wagon R,2005,4.9,248694,Hybrid,Automatic,2340
Audi,A6,2005,3.6,258506,Petrol,Manual,5840
Suzuki,Baleno,2005,4.8,244281,Petrol,Automatic,2820
Mercedes,C-Class,2012,3.3,154734,Hybrid,Manual,16190
Kia,Stonic,2017,4.0,113849,Petrol,Automatic,13520
Ford,Focus,2005,5.0,251054,Diesel,Manual,5070
BMW,1 Series,2011,2.3,186366,Petrol,Automatic,11830
Audi,A6,2015,2.1,135113,Electric,Automatic,20530
Nissan,Patrol,2023,1.6,47774,Petrol,Automatic,14250
BMW,1 Series,2009,1.0,206267,Electric,Automatic,8110
Ford,Fiesta,2019,2.3,92958,Petrol,Automatic,15060
Audi,Q3,2011,1.1,188096,Petrol,Automatic,6340
Suzuki,Swift,2023,3.0,32453,Petrol,Automatic,14480
Audi,A3,2006,3.1,240819,Diesel,Manual,6010
BMW,3 Series,2019,4.0,87438,Petrol,Automatic,25020
Suzuki,Cultus,2005,5.0,243920,Petrol,Automatic,1500
Hyundai,i10,2012,4.8,157555,Petrol,Automatic,14020
Nissan,Altima,2015,1.1,124726,Diesel,Manual,1900
Mercedes,C-Class,2020,2.9,73537,Petrol,Automatic,24860
Ford,Focus,2024,3.4,29840,Petrol,Automatic,27610
Toyota,RAV4,2012,5.0,171925,Diesel,Automatic,19310
Suzuki,Wagon R,2021,3.2,58372,Hybrid,Manual,14840
Audi,Q3,2010,3.4,197157,Petrol,Manual,12840
Nissan,Juke,2014,4.5,145796,Petrol,Manual,9620
BMW,X1,2009,4.8,204157,Petrol,Manual,18420
Toyota,Yaris,2014,3.8,148936,Petrol,Manual,8950
Nissan,Juke,2005,4.8,259489,Petrol,Manual,1110
Hyundai,Tucson,2020,3.8,65930,Petrol,Manual,15900
Honda,Jazz,2008,5.0,231688,Petrol,Automatic,7240
Ford,Explorer,2016,4.1,116449,Petrol,Manual,9580
Hyundai,Sonata,2021,3.6,58955,Petrol,Automatic,20880
Audi,A3,2025,3.7,6609,Petrol,Automatic,35570
Honda,Jazz,2025,4.4,32735,Electric,Manual,29850
Suzuki,Wagon R,2010,1.0,204045,Petrol,Automatic,800
Mercedes,GLC,2024,3.6,11131,Petrol,Automatic,32490
Hyundai,Elantra,2023,2.3,44187,Petrol,Automatic,16660
Kia,Stonic,2024,1.6,29179,Hybrid,Automatic,18770
Nissan,Altima,2008,2.6,222989,Diesel,Automatic,1230
Kia,Picanto,2026,3.5,3520,Hybrid,Automatic,23690
BMW,1 Series,2012,3.7,177613,Petrol,Automatic,18100
Nissan,Juke,2015,1.3,123904,Diesel,Automatic,4770
Suzuki,Alto,2024,2.9,17176,Petrol,Automatic,18700
Toyota,RAV4,2021,2.5,68122,Petrol,Automatic,17880
Mercedes,GLC,2023,4.3,37181,Diesel,Automatic,35500
BMW,X5,2015,2.2,142642,Electric,Manual,18070
Audi,A3,2013,5.0,153776,Petrol,Automatic,23070
Audi,Q3,2018,5.0,94544,Diesel,Automatic,30070
Hyundai,Sonata,2011,3.2,165967,Petrol,Manual,3690
Honda,Accord,2020,4.7,89371,Electric,Automatic,26140
Ford,Focus,2024,4.2,16464,Petrol,Automatic,25660
Audi,Q5,2006,4.6,231193,Diesel,Manual,12600
Honda,CR-V,2008,3.3,204878,Petrol,Automatic,4700
Nissan,Altima,2015,2.3,117822,Petrol,Automatic,9700
Ford,Explorer,2022,4.1,42040,Petrol,Automatic,23160
BMW,X1,2010,2.3,185888,Electric,Automatic,14050
Toyota,Camry,2020,5.0,71593,Electric,Manual,26010
BMW,X5,2026,4.7,0,Petrol,Automatic,37100
Mercedes,GLA,2026,4.5,1002,Petrol,Automatic,36980
Mercedes,A-Class,2023,2.1,31503,Hybrid,Manual,26790
Ford,Fiesta,2015,1.4,133792,Petrol,Manual,4240
Hyundai,i10,2007,3.2,228776,Electric,Automatic,5290
Hyundai,Tucson,2006,3.6,237239,Diesel,Automatic,3800
Toyota,Corolla,2026,2.1,0,Hybrid,Automatic,24340
Audi,Q5,2007,3.0,231689,Petrol,Manual,3960
Audi,A4,2013,4.2,169034,Petrol,Manual,16850
Audi,A4,2019,1.0,80986,Electric,Manual,17280
BMW,X1,2020,1.9,59983,Petrol,Automatic,22290
Ford,Escape,2026,1.8,10151,Petrol,Automatic,19870
Toyota,Yaris,2015,2.3,148798,Petrol,Manual,7660
Toyota,RAV4,2017,2.0,113903,Hybrid,Automatic,15120
BMW,X1,2026,3.5,0,Petrol,Automatic,33890
Kia,Sportage,2019,4.0,90392,Petrol,Automatic,15870
Hyundai,Tucson,2022,3.8,47494,Diesel,Automatic,21910
Kia,Sorento,2007,2.4,220287,Petrol,Manual,800
Suzuki,Cultus,2019,1.0,92364,Petrol,Automatic,4010
Hyundai,Santa Fe,2005,3.2,238705,Petrol,Automatic,800
Mercedes,GLC,2019,4.8,78123,Diesel,Manual,32300
Nissan,X-Trail,2023,2.0,46927,Diesel,Automatic,15900
Hyundai,Sonata,2015,3.2,130208,Diesel,Manual,9960
Kia,Stonic,2010,4.7,177250,Petrol,Manual,8180
BMW,3 Series,2022,2.8,58832,Hybrid,Automatic,27370
Ford,Mustang,2019,1.4,98366,Diesel,Automatic,8640
Suzuki,Alto,2011,1.2,184356,Petrol,Automatic,800
Hyundai,Sonata,2018,4.2,85204,Diesel,Automatic,18940
Audi,A6,2006,4.0,225564,Petrol,Manual,10040
Toyota,Yaris,2023,1.9,36164,Petrol,Manual,15550
Toyota,Corolla,2008,4.3,196704,Diesel,Automatic,9820
Audi,A6,2015,2.0,116023,Diesel,Automatic,14800
Hyundai,i10,2011,1.9,182184,Hybrid,Automatic,3080
Hyundai,Santa Fe,2012,4.7,160013,Petrol,Automatic,13820
Toyota,RAV4,2011,4.4,187369,Petrol,Automatic,9040
BMW,X5,2016,3.1,122481,Diesel,Automatic,20990
Hyundai,i10,2019,5.0,80386,Petrol,Automatic,22400
Nissan,Sunny,2017,3.4,107929,Petrol,Automatic,14200
Hyundai,Santa Fe,2022,4.5,53393,Diesel,Automatic,21690
Honda,City,2020,1.6,64057,Petrol,Manual,9830
BMW,X5,2013,1.2,142570,Hybrid,Manual,9050
Toyota,Corolla,2016,4.8,114438,Petrol,Automatic,17940
Audi,Q5,2021,1.0,58216,Petrol,Automatic,18660
BMW,3 Series,2006,4.4,234396,Petrol,Manual,8350
Suzuki,Swift,2010,4.1,191682,Petrol,Automatic,4020
BMW,1 Series,2011,3.6,191353,Petrol,Manual,15300
Audi,Q3,2019,4.6,80641,Petrol,Automatic,30590
Honda,Civic,2007,4.9,218559,Hybrid,Automatic,10490
Audi,Q3,2013,1.8,161487,Diesel,Manual,8400
BMW,X1,2007,3.0,221980,Petrol,Automatic,9090
Ford,Escape,2019,3.2,91000,Petrol,Manual,12890
Nissan,Juke,2010,1.0,190234,Petrol,Automatic,800
Toyota,Fortuner,2012,4.0,166992,Petrol,Manual,9020
BMW,X1,2016,2.3,102030,Diesel,Automatic,17780
Honda,Jazz,2018,1.4,108609,Petrol,Automatic,8640
Nissan,X-Trail,2022,4.2,42928,Petrol,Manual,22400
Toyota,Corolla,2018,3.1,100970,Hybrid,Manual,14980
Hyundai,Elantra,2010,2.0,198166,Electric,Manual,1360
BMW,5 Series,2020,2.8,85050,Petrol,Automatic,24840
Honda,Jazz,2023,4.0,32803,Petrol,Automatic,25590
Nissan,Patrol,2016,1.2,125318,Petrol,Automatic,4960
Suzuki,Baleno,2009,3.3,205674,Diesel,Manual,800
BMW,5 Series,2014,4.1,133082,Petrol,Automatic,21400
Kia,Cerato,2013,2.3,150018,Petrol,Automatic,7760
Audi,A6,2012,3.5,168558,Petrol,Manual,13990
Audi,Q3,2014,4.8,145541,Petrol,Automatic,20950
Hyundai,Elantra,2023,3.8,43548,Petrol,Manual,19560
Mercedes,GLA,2010,1.9,189450,Diesel,Automatic,8730
BMW,5 Series,2015,1.6,138232,Hybrid,Manual,13150
Ford,Fiesta,2020,1.1,85220,Petrol,Manual,5770
Toyota,RAV4,2016,2.9,121210,Petrol,Automatic,13580
Nissan,Patrol,2006,1.2,230433,Petrol,Manual,800
Kia,Cerato,2014,5.0,152873,Petrol,Automatic,16800
Nissan,X-Trail,2017,4.4,113408,Diesel,Manual,16320
Mercedes,GLC,2026,1.7,0,Petrol,Manual,27990
Ford,Focus,2025,3.0,8941,Diesel,Manual,22230
Audi,A4,2012,2.3,172016,Hybrid,Manual,11470
Ford,Explorer,2015,1.3,127374,Petrol,Automatic,7120
Ford,Mustang,2010,4.9,200548,Diesel,Manual,8410
Suzuki,Cultus,2010,2.0,188660,Hybrid,Automatic,800
Mercedes,C-Class,2013,3.5,163613,Petrol,Manual,14560
BMW,5 Series,2020,1.3,74204,Petrol,Automatic,16610
Nissan,Altima,2015,4.4,128583,Electric,Manual,18740
Toyota,Fortuner,2020,4.5,69532,Hybrid,Automatic,27820
Kia,Picanto,2022,3.6,42841,Diesel,Automatic,20660
BMW,3 Series,2006,2.7,244964,Diesel,Automatic,7320
Toyota,Camry,2023,4.0,50112,Electric,Automatic,29430
Honda,Jazz,2026,3.0,0,Hybrid,Manual,23230
Suzuki,Alto,2026,4.6,6556,Hybrid,Automatic,26590
Mercedes,GLC,2014,2.7,131589,Petrol,Automatic,19450
Toyota,Yaris,2008,1.1,213412,Hybrid,Automatic,800
Honda,Civic,2008,1.6,221250,Diesel,Automatic,800
BMW,1 Series,2023,2.3,27787,Petrol,Automatic,27290
Honda,City,2019,4.3,77275,Petrol,Automatic,22880
Toyota,Corolla,2026,2.8,0,Diesel,Automatic,24980
Kia,Sportage,2015,2.5,131627,Hybrid,Automatic,8840
BMW,3 Series,2026,2.2,3126,Petrol,Manual,26550
Suzuki,Swift,2023,1.3,31566,Hybrid,Manual,11050
Audi,Q3,2026,3.1,1067,Petrol,Manual,29750
Nissan,Patrol,2023,2.6,28763,Electric,Automatic,23010
Honda,City,2008,4.6,225151,Diesel,Automatic,7710
BMW,1 Series,2011,5.0,188676,Petrol,Automatic,22820
Nissan,X-Trail,2022,1.3,43174,Electric,Manual,13040
Honda,Jazz,2007,1.4,214093,Petrol,Automatic,800
Honda,Civic,2009,2.0,189041,Petrol,Automatic,1410
Toyota,Yaris,2020,4.0,89172,Petrol,Automatic,20840
Suzuki,Cultus,2020,1.5,76885,Diesel,Automatic,6830
Hyundai,Sonata,2019,3.9,90315,Diesel,Manual,18110
Suzuki,Baleno,2007,2.4,222396,Petrol,Manual,800
Mercedes,GLC,2025,4.5,19095,Petrol,Automatic,35320
Suzuki,Alto,2025,3.4,9734,Diesel,Manual,18880
Mercedes,GLA,2019,2.0,84305,Diesel,Automatic,22060
Honda,City,2014,1.7,138599,Petrol,Automatic,5350
Suzuki,Baleno,2007,1.6,239015,Diesel,Manual,800
Nissan,X-Trail,2006,2.0,243123,Diesel,Automatic,800
Honda,Civic,2016,2.4,120504,Diesel,Automatic,9740
Honda,City,2005,4.6,250426,Diesel,Automatic,5960
Mercedes,GLA,2008,2.1,214635,Hybrid,Automatic,8680
Kia,Stonic,2024,4.2,18965,Petrol,Automatic,24430
Honda,City,2005,5.0,239114,Diesel,Manual,5500
Mercedes,E-Class,2010,2.3,191860,Petrol,Manual,6410
Toyota,Camry,2020,1.0,57445,Petrol,Manual,11950
Hyundai,Santa Fe,2005,2.6,255766,Petrol,Automatic,800
BMW,3 Series,2024,1.6,23693,Petrol,Manual,23730
Kia,Cerato,2016,1.8,124089,Petrol,Manual,6430
Kia,Cerato,2006,3.4,238877,Diesel,Automatic,800
Honda,City,2007,4.1,228800,Diesel,Manual,5320
Ford,Escape,2014,3.5,137473,Petrol,Automatic,14850
BMW,X1,2010,1.3,197483,Petrol,Manual,4920
BMW,X1,2022,2.6,52902,Petrol,Automatic,27150
BMW,X5,2018,2.6,101690,Hybrid,Manual,20550
Toyota,Fortuner,2010,2.4,195673,Hybrid,Automatic,7830
Mercedes,A-Class,2025,2.9,17723,Petrol,Automatic,29750
Mercedes,A-Class,2005,2.1,250580,Petrol,Automatic,3130
Ford,Escape,2009,1.5,196521,Hybrid,Automatic,1730
Nissan,X-Trail,2026,4.4,1368,Petrol,Manual,26190
Mercedes,GLA,2011,3.4,171539,Petrol,Manual,13010
Ford,Explorer,2013,3.1,154002,Petrol,Automatic,8390
Mercedes,C-Class,2016,2.9,126743,Petrol,Automatic,18820
Suzuki,Wagon R,2024,3.0,21495,Hybrid,Manual,17770
Audi,A3,2005,2.8,251811,Hybrid,Automatic,9640
Ford,Mustang,2024,3.4,27503,Petrol,Automatic,24940
Nissan,Altima,2013,2.9,153450,Petrol,Manual,5790
Honda,Accord,2005,4.5,257668,Petrol,Manual,4930
Hyundai,Tucson,2010,4.3,182602,Hybrid,Manual,7040
Audi,Q5,2006,4.0,246183,Petrol,Manual,6940
Honda,Jazz,2010,4.5,177479,Diesel,Manual,10920
Mercedes,A-Class,2024,2.7,28081,Diesel,Automatic,29060
Kia,Sportage,2015,1.9,121270,Hybrid,Manual,4720
Audi,Q5,2024,4.3,30979,Petrol,Automatic,34410
Nissan,Altima,2009,2.6,211594,Petrol,Automatic,2560
Nissan,Altima,2019,4.9,70300,Petrol,Automatic,23580
Audi,Q5,2026,2.6,0,Hybrid,Automatic,34140
Suzuki,Baleno,2023,3.5,37861,Petrol,Manual,15080
Honda,City,2005,3.9,251949,Diesel,Automatic,2490
Suzuki,Cultus,2026,4.2,0,Petrol,Automatic,23030
Kia,Stonic,2017,1.1,109850,Hybrid,Automatic,9220
BMW,X1,2019,4.3,75793,Hybrid,Manual,28500
Mercedes,GLA,2012,2.6,165038,Petrol,Automatic,14040
BMW,1 Series,2015,2.4,129174,Petrol,Automatic,19350
Kia,Sportage,2017,2.8,101938,Petrol,Automatic,12190
Hyundai,Santa Fe,2021,4.1,64707,Hybrid,Manual,19410
Audi,A6,2008,4.8,211961,Petrol,Automatic,15070
Ford,Mustang,2018,1.6,78601,Diesel,Manual,6150
Toyota,RAV4,2021,3.9,58703,Petrol,Manual,21580
Nissan,Sunny,2012,3.0,166440,Petrol,Automatic,7020
Suzuki,Wagon R,2008,3.6,216744,Hybrid,Manual,800
Suzuki,Swift,2005,5.0,249230,Diesel,Manual,800
Audi,A3,2017,1.7,111178,Petrol,Automatic,17300
Ford,Focus,2005,4.8,258307,Petrol,Automatic,6770
Suzuki,Cultus,2016,4.5,132341,Electric,Automatic,18010
Mercedes,GLA,2022,4.0,48086,Petrol,Manual,26200
BMW,5 Series,2023,4.7,27792,Petrol,Automatic,36630
Honda,Jazz,2012,4.7,169470,Petrol,Automatic,15030
Ford,Explorer,2019,2.4,87344,Diesel,Manual,7920
Mercedes,GLA,2022,2.2,61423,Diesel,Automatic,21560
Toyota,Yaris,2014,1.7,142273,Diesel,Manual,5950
Suzuki,Wagon R,2012,4.0,156838,Diesel,Automatic,5650
Audi,A4,2017,4.6,98861,Petrol,Automatic,26770
Kia,Stonic,2007,3.0,224168,Electric,Automatic,7110
Suzuki,Baleno,2024,4.8,17302,Petrol,Manual,21940
Toyota,Fortuner,2011,1.8,194224,Petrol,Automatic,2610
Kia,Sportage,2005,3.6,250740,Petrol,Automatic,800
Hyundai,Elantra,2014,3.0,146633,Petrol,Automatic,8730
Toyota,Camry,2026,4.3,0,Petrol,Manual,26760
Honda,Accord,2026,3.0,7395,Petrol,Automatic,25130
Mercedes,E-Class,2007,1.8,230081,Petrol,Manual,3670
Suzuki,Cultus,2024,3.4,26742,Petrol,Automatic,20650
Nissan,Patrol,2020,5.0,66423,Petrol,Automatic,22780
Kia,Sorento,2021,4.8,52600,Petrol,Automatic,24750
Suzuki,Cultus,2018,1.6,78419,Petrol,Automatic,11090
Suzuki,Swift,2015,3.3,127892,Diesel,Manual,4460
Suzuki,Swift,2022,2.7,46644,Petrol,Manual,11330
Ford,Escape,2014,1.6,149149,Petrol,Manual,4030
Nissan,Altima,2016,4.9,117076,Petrol,Manual,15620
Kia,Sportage,2008,3.1,204158,Petrol,Manual,800
BMW,3 Series,2019,4.9,84445,Petrol,Automatic,30310
Mercedes,A-Class,2011,2.9,162291,Petrol,Manual,14210
Audi,Q5,2020,3.7,64553,Petrol,Automatic,26250
Toyota,RAV4,2016,3.5,132063,Petrol,Automatic,17290
Hyundai,Tucson,2024,4.2,46208,Petrol,Manual,20930
Honda,Jazz,2022,3.6,51690,Petrol,Manual,20390
Hyundai,Santa Fe,2014,4.1,135935,Hybrid,Automatic,14660
Kia,Picanto,2021,3.4,61197,Petrol,Automatic,17590
Ford,Fiesta,2010,2.2,191164,Hybrid,Manual,3430
Suzuki,Alto,2011,4.0,177976,Hybrid,Manual,7420
Toyota,Camry,2024,4.7,30636,Electric,Automatic,36420
Hyundai,i10,2019,2.3,87957,Petrol,Manual,12600
Honda,City,2014,4.6,143654,Petrol,Manual,14220
BMW,3 Series,2022,3.8,58917,Diesel,Automatic,28660
Hyundai,i10,2019,5.0,76496,Diesel,Manual,19490
Honda,City,2012,2.8,175674,Petrol,Manual,3700
Toyota,Yaris,2005,4.8,264191,Petrol,Automatic,7860
Suzuki,Alto,2015,4.9,139166,Petrol,Automatic,12370
Honda,Jazz,2008,3.5,211750,Hybrid,Automatic,7900
Audi,Q5,2024,4.2,36223,Diesel,Manual,28800
Toyota,Yaris,2013,1.9,165429,Hybrid,Automatic,8790
Honda,City,2019,4.6,99838,Petrol,Automatic,20030
Toyota,Corolla,2010,2.1,206410,Diesel,Automatic,2020
Ford,Mustang,2005,1.6,262776,Petrol,Automatic,800
Toyota,Yaris,2007,2.3,231505,Hybrid,Automatic,4200
Ford,Explorer,2018,2.0,89874,Petrol,Automatic,13100
Nissan,Patrol,2022,4.4,41118,Hybrid,Manual,25800
Ford,Focus,2026,1.9,16678,Diesel,Manual,15550
Toyota,Corolla,2012,3.8,172024,Petrol,Automatic,10630
Ford,Explorer,2021,2.4,55805,Diesel,Automatic,15800
Kia,Sportage,2013,1.3,147908,Petrol,Manual,2790
Ford,Explorer,2008,3.3,203714,Petrol,Automatic,6580
BMW,5 Series,2008,2.8,207844,Diesel,Automatic,8870
Ford,Focus,2019,1.3,84049,Hybrid,Automatic,12290
Ford,Focus,2011,4.3,178534,Hybrid,Manual,10600
Nissan,Sunny,2007,4.2,234430,Diesel,Manual,3140
Kia,Sorento,2020,4.4,74825,Diesel,Manual,18510
Kia,Cerato,2008,2.5,207018,Petrol,Manual,800
Honda,Civic,2012,1.1,172942,Petrol,Manual,800
Mercedes,C-Class,2012,4.7,169107,Petrol,Automatic,20580
Ford,Mustang,2023,2.2,36914,Petrol,Automatic,16960
Suzuki,Cultus,2008,3.5,213173,Petrol,Automatic,800
BMW,3 Series,2026,2.3,0,Diesel,Automatic,32150
Honda,CR-V,2025,4.3,8495,Hybrid,Automatic,30700
Kia,Sportage,2007,1.4,227335,Electric,Automatic,800
Ford,Escape,2005,4.7,242284,Petrol,Automatic,6550
Kia,Sportage,2014,1.9,146483,Petrol,Manual,1400
Audi,A4,2019,4.3,80774,Electric,Automatic,32040
Suzuki,Cultus,2021,3.6,68688,Petrol,Automatic,17600
Honda,Civic,2017,4.5,101407,Diesel,Manual,19940
Ford,Fiesta,2006,3.0,253276,Hybrid,Manual,800
Hyundai,Sonata,2024,1.3,19384,Petrol,Automatic,14300
Suzuki,Swift,2007,4.9,237991,Diesel,Automatic,4710
BMW,X5,2019,4.2,98441,Petrol,Automatic,28970
Kia,Sorento,2018,3.5,86167,Petrol,Automatic,14640
BMW,X5,2007,5.0,208035,Hybrid,Automatic,18200
Honda,CR-V,2018,2.3,88530,Petrol,Automatic,12760
BMW,5 Series,2010,2.3,180367,Petrol,Manual,9240
Kia,Sportage,2024,4.4,27038,Diesel,Automatic,26300
BMW,X5,2019,1.6,87974,Petrol,Automatic,16910
Nissan,Altima,2021,3.7,72060,Diesel,Automatic,19880
Toyota,Fortuner,2011,2.0,173315,Diesel,Manual,3470
BMW,3 Series,2020,3.4,72578,Petrol,Manual,22850
Suzuki,Alto,2023,2.1,35211,Petrol,Automatic,14960
Hyundai,i10,2018,2.6,95272,Petrol,Automatic,10020
Ford,Focus,2014,3.1,143273,Petrol,Automatic,10950
Nissan,Patrol,2010,3.2,193925,Diesel,Manual,1390
Audi,A6,2009,3.3,202747,Petrol,Automatic,11810
Audi,Q5,2007,2.6,228528,Diesel,Automatic,7730
BMW,X1,2012,2.7,159178,Hybrid,Automatic,19200
Nissan,Juke,2020,4.5,74392,Petrol,Manual,20640
Toyota,RAV4,2007,1.7,225583,Diesel,Automatic,800
Audi,A6,2009,3.4,193712,Petrol,Automatic,13670
Mercedes,GLA,2016,2.7,123662,Petrol,Manual,15670
Kia,Picanto,2005,1.1,251120,Diesel,Automatic,800
Audi,A4,2026,2.1,7787,Petrol,Automatic,30960
Ford,Fiesta,2013,1.0,170811,Petrol,Automatic,2240
Kia,Sorento,2011,1.0,163045,Diesel,Automatic,800
Ford,Explorer,2024,1.5,29041,Hybrid,Manual,15710
Ford,Mustang,2019,1.3,81194,Petrol,Manual,8680
Audi,Q3,2023,3.6,48416,Petrol,Automatic,29820
Mercedes,E-Class,2021,3.6,57508,Diesel,Manual,29850
Nissan,X-Trail,2017,3.9,106539,Diesel,Manual,14210
Suzuki,Wagon R,2006,5.0,242938,Petrol,Automatic,900
Nissan,Altima,2022,3.1,42025,Petrol,Automatic,19510
Suzuki,Wagon R,2011,3.0,171750,Diesel,Automatic,3510
Ford,Explorer,2005,2.6,258205,Petrol,Manual,800
BMW,X1,2015,2.0,132707,Petrol,Automatic,15110
Suzuki,Swift,2021,4.1,57554,Diesel,Automatic,20060
Hyundai,Tucson,2013,4.1,155736,Diesel,Manual,8200
BMW,X1,2005,3.8,249413,Diesel,Automatic,10270
Honda,CR-V,2015,3.4,129199,Petrol,Automatic,12630
Toyota,Corolla,2023,4.5,30975,Diesel,Automatic,27850
Hyundai,i10,2008,1.1,221496,Diesel,Automatic,800
Honda,Jazz,2020,4.0,64665,Petrol,Manual,17320
Kia,Sportage,2009,2.7,213183,Electric,Manual,5830
Audi,A4,2019,1.5,78084,Diesel,Automatic,18670
Mercedes,GLC,2011,1.0,171793,Petrol,Automatic,8650
Hyundai,Sonata,2022,1.0,45537,Hybrid,Automatic,11490
Honda,City,2010,1.3,189778,Diesel,Manual,800
Nissan,Sunny,2007,4.7,222343,Diesel,Automatic,7340
Nissan,X-Trail,2013,3.5,155710,Diesel,Manual,6870
Nissan,X-Trail,2019,1.9,82278,Petrol,Automatic,15330
Honda,CR-V,2012,3.8,174842,Petrol,Manual,10740
Mercedes,A-Class,2012,1.0,170106,Petrol,Manual,6480
Mercedes,A-Class,2008,2.9,206358,Petrol,Automatic,13370
Ford,Fiesta,2025,2.2,10729,Petrol,Manual,16550
Honda,Accord,2011,4.3,169303,Petrol,Automatic,10430
Nissan,X-Trail,2016,5.0,121003,Petrol,Manual,15570
Kia,Stonic,2016,2.2,124094,Petrol,Automatic,7700
Ford,Focus,2015,2.3,130353,Hybrid,Automatic,11420
Mercedes,GLC,2026,2.7,3573,Hybrid,Automatic,34030
Audi,A4,2022,3.4,39163,Petrol,Manual,26960
Kia,Sorento,2018,2.2,104580,Petrol,Automatic,11880
Nissan,Juke,2023,2.7,56376,Petrol,Automatic,18230
Mercedes,A-Class,2017,4.8,103420,Diesel,Automatic,29500
Honda,CR-V,2014,1.0,122583,Petrol,Automatic,4510
Ford,Focus,2014,4.7,139279,Petrol,Manual,13700
Nissan,Juke,2006,4.7,241737,Petrol,Manual,3640
Honda,CR-V,2007,4.9,240220,Petrol,Automatic,6660
Nissan,Juke,2008,2.8,218056,Petrol,Manual,800
Ford,Focus,2007,3.0,212812,Petrol,Manual,800
Hyundai,Tucson,2006,4.0,224330,Hybrid,Manual,3100
Mercedes,GLC,2026,3.3,947,Petrol,Manual,30730
Nissan,X-Trail,2025,2.9,7635,Diesel,Automatic,22840
BMW,X1,2022,3.3,33506,Petrol,Automatic,28570
Nissan,Altima,2024,2.8,12333,Diesel,Manual,18740
Hyundai,Santa Fe,2020,2.6,79222,Petrol,Manual,12310
Audi,A6,2010,5.0,201593,Diesel,Manual,19250
Audi,A4,2015,1.0,131154,Petrol,Automatic,14760
Toyota,Corolla,2019,3.7,79331,Petrol,Automatic,19220
Kia,Sorento,2020,3.6,87534,Petrol,Automatic,15490
Nissan,X-Trail,2025,4.6,24995,Petrol,Manual,24800
Suzuki,Baleno,2015,4.0,139746,Petrol,Manual,8650
Kia,Sorento,2025,4.7,24502,Petrol,Automatic,26580
Honda,Accord,2013,2.9,157069,Diesel,Automatic,9550
Nissan,Patrol,2009,3.1,198835,Petrol,Automatic,6710
Honda,Accord,2009,3.7,198867,Electric,Manual,6030
Hyundai,Santa Fe,2006,1.3,230893,Petrol,Automatic,800
Toyota,Corolla,2024,3.0,19060,Petrol,Automatic,24040
Toyota,Corolla,2013,3.1,146591,Hybrid,Automatic,14250
Toyota,Yaris,2021,3.7,73707,Diesel,Automatic,20950
Suzuki,Alto,2018,2.9,100968,Petrol,Automatic,9950
Audi,A3,2019,4.4,84483,Petrol,Automatic,29240
Hyundai,Sonata,2011,1.1,174279,Petrol,Automatic,800
Hyundai,i10,2012,4.1,174993,Diesel,Automatic,11060
Toyota,Camry,2011,4.3,167158,Petrol,Automatic,11290
Toyota,RAV4,2026,4.8,9210,Petrol,Manual,29500
Nissan,Sunny,2020,1.2,67368,Petrol,Automatic,9860
BMW,X1,2018,3.5,104844,Petrol,Manual,19610
Ford,Focus,2013,3.0,155163,Petrol,Manual,7100
Honda,City,2015,3.2,142755,Petrol,Manual,9740
Toyota,RAV4,2010,2.4,194074,Hybrid,Automatic,7600
Kia,Stonic,2010,1.6,201434,Petrol,Automatic,800
Honda,CR-V,2012,3.6,166491,Petrol,Manual,9130
Mercedes,E-Class,2023,3.1,45867,Diesel,Automatic,29530
Hyundai,Santa Fe,2021,2.3,65689,Petrol,Automatic,13300
Kia,Sportage,2015,1.1,138010,Diesel,Automatic,3480
BMW,X1,2012,3.3,162038,Hybrid,Automatic,15430
Mercedes,GLC,2022,4.6,36584,Diesel,Automatic,34730
Hyundai,Tucson,2012,4.7,165561,Petrol,Automatic,13540
Nissan,Altima,2017,3.2,107761,Petrol,Manual,10130
Ford,Focus,2011,2.6,182346,Petrol,Automatic,4880
Suzuki,Alto,2024,2.6,16662,Petrol,Automatic,17060
BMW,X5,2025,3.5,15052,Hybrid,Manual,33130
Nissan,Altima,2006,2.3,238439,Petrol,Automatic,800
Hyundai,i10,2007,2.6,227552,Hybrid,Automatic,4060
Audi,A6,2017,1.1,109022,Petrol,Manual,10910
Hyundai,Sonata,2010,2.4,185154,Hybrid,Manual,2330
Kia,Stonic,2015,3.9,136312,Petrol,Manual,8250
Toyota,Yaris,2008,2.1,214134,Petrol,Automatic,1390
Nissan,X-Trail,2018,2.2,91615,Diesel,Automatic,11990
Honda,Jazz,2007,4.3,228128,Petrol,Automatic,5780
Hyundai,Sonata,2006,3.6,252100,Petrol,Manual,800
Nissan,Altima,2020,4.4,80452,Hybrid,Manual,20420
Mercedes,GLC,2016,2.5,119543,Electric,Automatic,19260
Mercedes,A-Class,2011,3.4,174279,Petrol,Manual,15910
BMW,5 Series,2007,3.3,237049,Diesel,Manual,7390
BMW,3 Series,2010,3.5,197075,Hybrid,Manual,13570
Nissan,Sunny,2012,5.0,156080,Electric,Automatic,17410
Kia,Picanto,2016,2.5,108185,Petrol,Manual,6890
Toyota,Fortuner,2021,3.9,59103,Petrol,Automatic,22330
Hyundai,Elantra,2016,2.6,120941,Hybrid,Automatic,12020
Honda,CR-V,2025,2.4,14355,Diesel,Automatic,22000
BMW,3 Series,2017,3.1,106635,Petrol,Manual,20670
Hyundai,Tucson,2007,2.4,237276,Petrol,Manual,800
Suzuki,Baleno,2022,1.5,56991,Petrol,Automatic,10970
Nissan,Sunny,2008,3.9,205393,Petrol,Manual,4190
Nissan,Altima,2023,2.1,46646,Diesel,Automatic,18450
Suzuki,Cultus,2011,2.4,184580,Petrol,Manual,800
Mercedes,GLA,2017,3.4,113758,Petrol,Automatic,18810
Mercedes,E-Class,2008,4.1,214886,Petrol,Manual,12020
Kia,Picanto,2006,4.5,244002,Hybrid,Manual,4430
Hyundai,Tucson,2007,2.1,226867,Petrol,Automatic,800
Ford,Fiesta,2020,2.1,59792,Diesel,Manual,14870
Honda,Accord,2021,3.3,61614,Petrol,Automatic,19780
Honda,Civic,2013,2.4,152670,Hybrid,Automatic,10620
Honda,Accord,2015,4.5,127904,Petrol,Manual,15540
Suzuki,Cultus,2013,4.9,153702,Petrol,Manual,13020
Kia,Sorento,2015,1.3,123676,Petrol,Automatic,800
Suzuki,Cultus,2020,3.7,70933,Petrol,Automatic,14230
Mercedes,A-Class,2006,4.4,244081,Hybrid,Automatic,12930
Kia,Picanto,2005,2.2,257927,Hybrid,Manual,800
Ford,Explorer,2019,2.2,60215,Electric,Manual,15930
Hyundai,Elantra,2005,1.9,252597,Petrol,Automatic,800
Toyota,Corolla,2018,3.8,90995,Petrol,Automatic,18620
Toyota,Fortuner,2012,3.9,168605,Diesel,Automatic,12420
BMW,X5,2014,3.9,144957,Hybrid,Automatic,20090
Ford,Fiesta,2020,4.4,76138,Electric,Manual,22400
Suzuki,Swift,2026,3.9,0,Hybrid,Automatic,28350
Mercedes,GLC,2015,3.7,134850,Petrol,Manual,17880
Mercedes,A-Class,2010,3.2,201927,Electric,Manual,17490
Audi,A6,2006,4.1,243074,Petrol,Automatic,13410
Honda,Jazz,2005,1.9,246394,Petrol,Automatic,800
Ford,Focus,2009,1.7,208190,Petrol,Manual,800
Kia,Sorento,2014,3.7,147880,Petrol,Manual,7920
Ford,Fiesta,2006,2.0,251161,Electric,Manual,800
Honda,Accord,2016,1.4,117420,Diesel,Automatic,9070
Suzuki,Baleno,2008,3.0,221433,Diesel,Manual,800
Toyota,Fortuner,2016,2.9,114015,Diesel,Manual,10320
Toyota,RAV4,2026,2.0,4975,Diesel,Automatic,22060
Hyundai,Sonata,2008,1.4,213082,Hybrid,Manual,800
Mercedes,GLA,2018,3.1,98388,Petrol,Automatic,24460
Mercedes,GLA,2017,4.3,117484,Petrol,Automatic,24330
BMW,3 Series,2019,4.6,84370,Electric,Manual,33830
Toyota,Yaris,2012,1.5,174846,Petrol,Automatic,2740
Kia,Cerato,2026,3.3,1012,Petrol,Manual,20150
Mercedes,GLA,2009,4.7,215177,Hybrid,Automatic,20650
Ford,Explorer,2006,1.1,251905,Petrol,Automatic,800
Toyota,RAV4,2011,3.2,165816,Petrol,Manual,4390
Mercedes,GLA,2006,4.4,235352,Petrol,Automatic,14560
Suzuki,Wagon R,2016,2.3,113984,Hybrid,Automatic,8170
Nissan,Juke,2022,1.0,50582,Petrol,Automatic,10970
Hyundai,Tucson,2018,2.6,112485,Hybrid,Manual,11540
Nissan,Altima,2017,2.4,118717,Petrol,Automatic,11050
Toyota,Fortuner,2022,3.1,58690,Petrol,Automatic,21790
Audi,A3,2025,3.2,4442,Diesel,Manual,29200
Audi,Q5,2020,3.0,61969,Petrol,Manual,22810
Toyota,RAV4,2019,1.4,87095,Petrol,Automatic,11230
Suzuki,Wagon R,2025,1.5,2892,Petrol,Automatic,12450
Audi,A4,2019,2.1,72404,Petrol,Manual,17470
Mercedes,E-Class,2024,2.7,43213,Diesel,Automatic,27970
Nissan,Sunny,2009,4.2,196531,Petrol,Automatic,7200
Ford,Focus,2025,4.6,2507,Electric,Manual,29060
Mercedes,E-Class,2022,4.4,58738,Hybrid,Automatic,32980
Ford,Fiesta,2019,2.0,78685,Hybrid,Manual,14160
Hyundai,Elantra,2006,1.8,241364,Hybrid,Manual,800
Mercedes,GLC,2022,2.1,54440,Petrol,Manual,19300
Audi,Q3,2007,1.4,226778,Petrol,Manual,800
Hyundai,Elantra,2009,1.2,208086,Petrol,Automatic,800
Audi,A4,2016,3.2,120644,Petrol,Automatic,20730
Ford,Escape,2008,2.2,233139,Hybrid,Automatic,800
Nissan,X-Trail,2016,1.2,112913,Petrol,Manual,3640
Ford,Mustang,2020,3.4,86099,Diesel,Manual,15130
Suzuki,Baleno,2015,2.8,121156,Diesel,Automatic,7340
Ford,Explorer,2018,2.8,95282,Hybrid,Automatic,16730
Hyundai,Elantra,2024,4.6,13431,Electric,Manual,29210
Ford,Explorer,2015,4.5,138879,Petrol,Automatic,14220
Audi,A4,2016,1.8,119351,Petrol,Automatic,13520
Ford,Explorer,2026,3.7,0,Petrol,Manual,24670
Ford,Explorer,2023,2.5,27978,Hybrid,Manual,18710
Mercedes,A-Class,2021,1.2,67414,Electric,Automatic,24900
Kia,Cerato,2022,1.1,31623,Petrol,Manual,10780
Honda,City,2006,1.0,239661,Petrol,Automatic,800
Mercedes,A-Class,2021,1.8,52203,Petrol,Automatic,24830
Honda,CR-V,2012,1.1,164674,Hybrid,Manual,800
Ford,Mustang,2009,4.4,211405,Hybrid,Automatic,11700
Suzuki,Alto,2014,3.4,143418,Petrol,Manual,3480
Audi,Q5,2014,4.8,156885,Hybrid,Automatic,26440
Nissan,Juke,2018,2.0,95648,Diesel,Automatic,9380
Toyota,Corolla,2015,2.1,129653,Petrol,Automatic,9760
Kia,Sportage,2022,2.3,50309,Petrol,Automatic,17660
Hyundai,Tucson,2006,2.0,240680,Petrol,Automatic,800
Toyota,Fortuner,2025,1.1,26033,Electric,Manual,16630
Ford,Fiesta,2018,5.0,89797,Petrol,Manual,21070
Hyundai,Sonata,2018,3.5,98294,Petrol,Automatic,14210
Nissan,X-Trail,2010,3.3,199416,Diesel,Automatic,6500
Kia,Sportage,2019,3.2,88096,Diesel,Automatic,14290
Hyundai,Tucson,2021,1.3,50267,Electric,Automatic,16970
Hyundai,i10,2020,1.6,66942,Petrol,Automatic,11430
Nissan,Altima,2014,3.7,141504,Electric,Manual,15120
Audi,Q3,2017,2.6,122051,Diesel,Manual,16080
Suzuki,Cultus,2017,3.3,100972,Diesel,Manual,7420
Hyundai,Tucson,2009,3.3,199119,Petrol,Automatic,2160
Kia,Sportage,2017,4.4,101614,Diesel,Manual,12760
Ford,Explorer,2024,2.1,29619,Petrol,Automatic,18190
Hyundai,Santa Fe,2011,3.1,177012,Petrol,Automatic,6520
BMW,5 Series,2005,3.4,249309,Petrol,Manual,4680
Ford,Fiesta,2007,4.2,233899,Petrol,Automatic,4980
Toyota,Camry,2012,1.2,157638,Hybrid,Automatic,2000
Kia,Sportage,2008,3.1,217670,Petrol,Manual,800
Toyota,Yaris,2026,5.0,0,Hybrid,Automatic,35980
Audi,A6,2026,3.2,0,Petrol,Automatic,32890
Nissan,Altima,2022,3.3,46627,Petrol,Automatic,19680
Hyundai,Tucson,2005,2.6,254906,Petrol,Manual,800
Kia,Sportage,2017,1.3,106783,Petrol,Automatic,4490
Ford,Fiesta,2026,3.8,2452,Petrol,Automatic,28080
Mercedes,GLA,2017,3.1,123451,Petrol,Manual,17950
Honda,Civic,2016,3.3,120118,Petrol,Automatic,15930
Mercedes,A-Class,2013,1.6,159527,Diesel,Manual,11370
Kia,Picanto,2010,2.4,196361,Diesel,Manual,800
Nissan,Patrol,2006,1.5,245704,Petrol,Manual,800
Ford,Focus,2007,4.0,225816,Petrol,Automatic,3290
Suzuki,Cultus,2018,2.3,95030,Hybrid,Automatic,10210
Honda,City,2022,2.5,51182,Petrol,Automatic,21260
BMW,3 Series,2020,3.2,59251,Petrol,Automatic,25310
Nissan,Sunny,2024,4.1,19004,Petrol,Automatic,26550
Mercedes,A-Class,2022,2.1,51007,Petrol,Manual,22250
Kia,Picanto,2016,2.2,112704,Petrol,Automatic,10230
Suzuki,Cultus,2014,3.9,133473,Petrol,Manual,5240
Hyundai,i10,2019,5.0,74158,Diesel,Manual,19490
Kia,Picanto,2016,3.1,120442,Electric,Manual,12050
BMW,1 Series,2011,4.4,183318,Diesel,Automatic,15800
Ford,Focus,2011,1.5,175432,Hybrid,Automatic,920
Audi,A4,2007,3.9,225404,Petrol,Manual,6800
Kia,Picanto,2023,3.4,35290,Electric,Automatic,23790
Mercedes,C-Class,2018,1.2,90914,Petrol,Automatic,16440
Nissan,Altima,2021,4.1,66138,Petrol,Automatic,22150
BMW,1 Series,2010,4.0,203534,Petrol,Automatic,16530
Hyundai,Santa Fe,2025,2.0,27349,Petrol,Automatic,17840
Ford,Mustang,2025,2.4,0,Diesel,Automatic,18890
Mercedes,A-Class,2012,4.4,166253,Diesel,Automatic,21780
Toyota,RAV4,2008,3.8,212833,Diesel,Manual,5570
Nissan,Patrol,2022,1.0,57043,Diesel,Manual,11210
Mercedes,GLA,2020,1.1,82008,Petrol,Manual,16420
Honda,Jazz,2021,3.2,63995,Petrol,Automatic,18130
Kia,Sorento,2020,1.8,57348,Diesel,Automatic,10070
Nissan,Juke,2014,2.9,136667,Diesel,Manual,6040
Suzuki,Alto,2014,3.4,151455,Hybrid,Manual,6390
Audi,A3,2010,1.5,185592,Petrol,Automatic,9620
Mercedes,GLC,2016,4.2,111721,Hybrid,Manual,29240
Nissan,Juke,2013,3.8,152443,Hybrid,Automatic,14130
BMW,3 Series,2016,2.4,122688,Petrol,Automatic,17770
BMW,X1,2024,1.7,27200,Petrol,Manual,22400
Mercedes,GLC,2019,2.1,81209,Electric,Manual,20890
Kia,Sportage,2009,3.6,214268,Hybrid,Manual,3350
Honda,Accord,2022,4.8,63610,Petrol,Manual,27020
Kia,Picanto,2005,2.4,265452,Petrol,Automatic,800
Mercedes,E-Class,2019,4.0,83838,Petrol,Manual,26230
Toyota,Fortuner,2006,4.5,245116,Petrol,Manual,4010
Mercedes,C-Class,2013,5.0,148400,Electric,Manual,28020
Audi,A4,2012,2.0,157576,Petrol,Manual,7240
Ford,Fiesta,2012,1.2,162662,Petrol,Automatic,1540
Toyota,Yaris,2016,2.0,124140,Diesel,Automatic,11770
Nissan,Altima,2017,1.0,123262,Diesel,Automatic,3220
Kia,Cerato,2023,1.2,36716,Diesel,Manual,6800
Audi,Q3,2016,3.4,117438,Petrol,Manual,17090
Mercedes,GLA,2009,2.3,205485,Petrol,Manual,7030
Ford,Explorer,2021,3.7,61598,Petrol,Automatic,21160
Kia,Sorento,2020,4.0,77191,Petrol,Manual,15500
Audi,Q3,2009,4.1,201088,Petrol,Manual,12000
Hyundai,Elantra,2005,2.4,249874,Hybrid,Manual,800
Kia,Cerato,2019,1.3,90161,Petrol,Automatic,7300
Honda,Civic,2017,1.9,106506,Hybrid,Manual,11290
Toyota,Corolla,2019,1.9,90024,Hybrid,Manual,12430
Suzuki,Swift,2010,4.3,194469,Petrol,Automatic,5470
Audi,A6,2026,4.0,13906,Hybrid,Manual,33120
BMW,X5,2018,2.2,91510,Petrol,Automatic,16730
Honda,Civic,2020,4.9,64389,Petrol,Manual,19280
Kia,Sorento,2025,3.4,10977,Petrol,Manual,20880
Ford,Fiesta,2005,3.4,248282,Electric,Automatic,6710
Audi,Q3,2014,2.6,143709,Diesel,Manual,13070
BMW,3 Series,2025,1.7,15114,Electric,Automatic,32140
Kia,Picanto,2022,2.1,64874,Petrol,Manual,9320
Suzuki,Wagon R,2024,4.8,24827,Diesel,Manual,19950
Honda,Jazz,2014,2.6,146729,Hybrid,Automatic,11120
Nissan,Sunny,2015,4.7,137783,Petrol,Manual,14370
Toyota,Fortuner,2016,2.9,122202,Petrol,Manual,8970
Ford,Explorer,2020,2.1,52277,Diesel,Manual,12410
BMW,X1,2023,1.0,36984,Petrol,Automatic,22900
Kia,Stonic,2012,3.7,181591,Petrol,Automatic,5900
Audi,Q5,2014,1.1,149652,Petrol,Automatic,8550
BMW,X1,2021,3.4,65892,Diesel,Manual,25550
Suzuki,Swift,2026,2.1,11148,Petrol,Automatic,15850
Hyundai,Sonata,2020,3.3,83583,Petrol,Automatic,16530
Honda,City,2010,3.1,200244,Petrol,Automatic,3200
Audi,A3,2012,4.0,157593,Diesel,Automatic,21790
Nissan,Altima,2014,2.6,151184,Petrol,Automatic,8840
Toyota,Camry,2020,1.6,81117,Petrol,Automatic,15100
Mercedes,GLA,2022,5.0,57296,Petrol,Manual,32710
Ford,Focus,2007,1.8,225566,Petrol,Automatic,800
BMW,3 Series,2008,3.2,210056,Petrol,Manual,9800
Audi,Q3,2007,3.6,233371,Petrol,Automatic,11650
Honda,Civic,2020,2.4,75433,Petrol,Manual,11720
Mercedes,GLC,2006,4.6,233385,Diesel,Automatic,15970
Suzuki,Cultus,2026,3.6,0,Diesel,Manual,18160
Honda,Accord,2012,2.0,164663,Diesel,Manual,1790
Ford,Escape,2021,1.6,77809,Petrol,Automatic,11900
Ford,Explorer,2008,4.7,223890,Diesel,Automatic,9650
Hyundai,Santa Fe,2020,4.4,71007,Hybrid,Manual,21010
Toyota,Fortuner,2021,1.6,59229,Hybrid,Manual,15460
Nissan,Juke,2006,2.6,256406,Diesel,Automatic,800
BMW,1 Series,2024,3.3,25931,Petrol,Automatic,31260
BMW,X5,2010,1.0,181990,Petrol,Manual,2650
BMW,1 Series,2012,3.5,165133,Petrol,Manual,14910
Nissan,Patrol,2023,1.7,35724,Diesel,Manual,13790
Nissan,X-Trail,2018,1.3,92446,Petrol,Automatic,10750
Suzuki,Alto,2024,3.7,20409,Petrol,Manual,22920
Honda,Civic,2025,5.0,25077,Petrol,Manual,27860
Hyundai,i10,2006,3.9,233018,Petrol,Manual,800
Hyundai,Tucson,2009,1.2,198926,Petrol,Automatic,800
Toyota,Yaris,2007,2.5,228660,Diesel,Automatic,1050
Toyota,Fortuner,2017,2.1,126042,Hybrid,Automatic,13580
Toyota,Camry,2015,3.8,136361,Diesel,Manual,11090
Hyundai,Sonata,2011,4.3,186411,Petrol,Manual,6730
Nissan,Sunny,2012,4.7,161022,Petrol,Automatic,12330
Mercedes,E-Class,2026,1.9,4336,Petrol,Automatic,31560
Ford,Explorer,2026,4.7,2980,Electric,Automatic,32510
BMW,5 Series,2019,1.7,89448,Hybrid,Automatic,21200
Hyundai,Sonata,2023,3.8,37259,Petrol,Automatic,21420
Toyota,Corolla,2009,3.2,197577,Hybrid,Automatic,9610
Honda,Civic,2014,4.4,155088,Diesel,Automatic,14280
Hyundai,Santa Fe,2026,4.0,4845,Petrol,Automatic,28920
Mercedes,E-Class,2005,2.2,247410,Petrol,Automatic,4090
Suzuki,Baleno,2017,1.3,102135,Petrol,Automatic,3950
BMW,X5,2005,4.0,236848,Petrol,Automatic,15570
Ford,Escape,2025,3.1,2200,Electric,Manual,25850
Audi,Q5,2015,1.6,126013,Petrol,Automatic,12550
Suzuki,Baleno,2009,4.1,209650,Petrol,Automatic,2700
Ford,Escape,2014,4.5,136246,Petrol,Automatic,16180
Mercedes,GLA,2017,2.9,107889,Petrol,Manual,19470
Mercedes,A-Class,2006,2.6,223131,Hybrid,Automatic,11270
Mercedes,A-Class,2005,2.9,244413,Diesel,Manual,3080
Honda,City,2016,2.9,128778,Diesel,Manual,10370
BMW,X5,2018,4.7,98385,Petrol,Automatic,29040
Audi,A6,2024,4.3,28516,Petrol,Automatic,33490
Suzuki,Cultus,2010,1.9,178887,Hybrid,Automatic,800
Kia,Picanto,2020,3.7,74839,Diesel,Automatic,17920
Hyundai,Sonata,2012,2.8,174129,Petrol,Manual,2230
Mercedes,E-Class,2008,4.2,214593,Petrol,Automatic,13420
BMW,X1,2013,5.0,153199,Petrol,Manual,19940
Honda,City,2012,1.3,176569,Hybrid,Automatic,2580
Nissan,Juke,2016,3.9,131148,Petrol,Manual,9380
Kia,Picanto,2012,2.9,176169,Petrol,Automatic,5320
Hyundai,Santa Fe,2016,1.6,118371,Diesel,Manual,4620
Audi,A6,2017,2.9,93769,Diesel,Manual,20600
Mercedes,A-Class,2018,1.9,77303,Diesel,Manual,17850
Suzuki,Cultus,2008,2.8,207575,Petrol,Automatic,800
Suzuki,Cultus,2022,4.4,51712,Petrol,Manual,18910
Suzuki,Baleno,2015,2.3,135260,Hybrid,Manual,3570
Nissan,Altima,2022,4.9,42990,Diesel,Automatic,24570
Nissan,Patrol,2009,4.2,195751,Petrol,Automatic,8340
Honda,Jazz,2015,4.2,135977,Petrol,Manual,12490
Nissan,X-Trail,2019,1.1,70979,Petrol,Automatic,11000
BMW,X1,2008,1.5,226905,Hybrid,Automatic,5880
Kia,Sorento,2020,1.6,68583,Diesel,Manual,6690
Ford,Mustang,2011,4.2,189271,Diesel,Automatic,10130
Toyota,Yaris,2015,1.9,132803,Diesel,Automatic,10890
Audi,A3,2014,1.2,142120,Petrol,Automatic,11630
Audi,A3,2006,3.9,241039,Petrol,Manual,9930
Kia,Stonic,2026,1.1,2268,Petrol,Automatic,14670
Suzuki,Baleno,2020,4.8,75579,Hybrid,Automatic,19380
Nissan,Patrol,2014,2.9,141748,Petrol,Automatic,9870
Honda,Accord,2005,2.9,252374,Petrol,Manual,800
Kia,Picanto,2009,2.5,208295,Hybrid,Manual,800
Hyundai,Tucson,2012,3.2,156821,Petrol,Automatic,8010
Kia,Picanto,2016,1.4,113854,Petrol,Manual,2060
Audi,A3,2020,3.4,71770,Petrol,Manual,24980
Honda,CR-V,2014,3.8,150306,Petrol,Automatic,14310
Audi,A4,2013,3.8,158771,Hybrid,Manual,14750
Kia,Sorento,2015,1.6,131735,Electric,Automatic,7810
Mercedes,GLC,2007,1.5,223712,Petrol,Automatic,5520
BMW,3 Series,2009,4.8,200361,Petrol,Automatic,16870
Hyundai,Santa Fe,2022,2.3,26096,Diesel,Manual,15060
Toyota,Camry,2009,4.1,205426,Diesel,Automatic,8250
Honda,Jazz,2011,3.5,192223,Diesel,Manual,4050
Nissan,Altima,2012,2.4,177911,Petrol,Manual,2830
Toyota,RAV4,2009,1.8,203682,Petrol,Automatic,800
Honda,Jazz,2018,2.0,98978,Petrol,Automatic,14200
BMW,5 Series,2025,5.0,26097,Petrol,Automatic,37300
Audi,A6,2014,2.7,154554,Petrol,Manual,11910
Kia,Sorento,2018,1.5,103305,Petrol,Manual,5300
Nissan,Sunny,2012,4.4,174746,Petrol,Automatic,11390
Honda,City,2016,3.3,120520,Petrol,Automatic,13320
Suzuki,Baleno,2013,1.7,165275,Petrol,Manual,800
Ford,Explorer,2026,4.4,17581,Petrol,Automatic,32140
Suzuki,Wagon R,2018,2.0,103219,Diesel,Manual,3630
Kia,Sorento,2005,1.6,261549,Petrol,Manual,800
Nissan,Juke,2016,2.8,110957,Hybrid,Manual,8230
BMW,1 Series,2015,1.9,131792,Hybrid,Automatic,15810
Ford,Explorer,2024,1.7,19893,Hybrid,Manual,17450
BMW,3 Series,2005,4.0,247306,Hybrid,Manual,8000
Suzuki,Swift,2026,4.8,3874,Diesel,Manual,21470
Nissan,Sunny,2017,4.3,104081,Hybrid,Manual,17280
Suzuki,Alto,2016,1.2,128343,Petrol,Automatic,3440
Honda,Accord,2024,3.3,22977,Petrol,Manual,22550
Honda,Civic,2014,1.2,152782,Petrol,Automatic,3760
Honda,Civic,2015,3.3,133407,Petrol,Automatic,12230
BMW,3 Series,2019,4.4,90157,Petrol,Automatic,29210
Toyota,Yaris,2021,3.0,53298,Petrol,Manual,17520
BMW,5 Series,2025,1.3,3980,Petrol,Automatic,24100
Ford,Fiesta,2018,4.4,91655,Diesel,Automatic,18400
Ford,Focus,2011,2.4,169814,Petrol,Manual,2590
Kia,Cerato,2015,3.0,139307,Diesel,Manual,7290
BMW,1 Series,2017,2.1,94661,Petrol,Automatic,18810
Nissan,Altima,2022,4.7,64069,Petrol,Automatic,23260
Ford,Fiesta,2022,3.1,48220,Petrol,Automatic,19790
Nissan,Juke,2015,4.2,130631,Petrol,Automatic,13060
Audi,A4,2024,1.0,17527,Petrol,Manual,18950
Audi,A3,2011,3.6,171831,Electric,Automatic,19810
BMW,X1,2009,3.0,200182,Hybrid,Automatic,13740
Ford,Fiesta,2011,1.6,169337,Petrol,Manual,800
BMW,X5,2008,1.4,206927,Diesel,Automatic,6700
Hyundai,i10,2018,2.3,101744,Diesel,Automatic,11800
Kia,Sorento,2009,1.6,209046,Petrol,Automatic,800
Toyota,Corolla,2016,3.8,136864,Hybrid,Manual,15100
Ford,Focus,2019,2.1,82444,Petrol,Manual,12260
Nissan,Sunny,2015,2.4,131938,Diesel,Manual,3500
Kia,Picanto,2016,1.0,120643,Hybrid,Manual,4560
Mercedes,C-Class,2017,1.6,129512,Electric,Manual,18590
Kia,Cerato,2013,3.1,160809,Petrol,Automatic,5960
Mercedes,E-Class,2018,2.3,97864,Petrol,Manual,15270
Honda,Accord,2019,1.4,93666,Petrol,Manual,7970
Mercedes,A-Class,2010,4.2,195279,Diesel,Manual,17840
Nissan,Altima,2013,2.0,157583,Petrol,Automatic,3960
Nissan,Juke,2015,4.1,151503,Petrol,Manual,12010
Suzuki,Cultus,2009,3.0,194658,Petrol,Manual,800
Mercedes,GLC,2015,5.0,136203,Petrol,Automatic,28500
Kia,Picanto,2020,3.7,69329,Petrol,Manual,12600
Toyota,Camry,2025,1.8,16061,Hybrid,Automatic,22770
Suzuki,Baleno,2018,1.5,85302,Petrol,Automatic,8050
Kia,Sorento,2010,4.8,186472,Diesel,Automatic,9930
Ford,Escape,2018,4.0,90243,Hybrid,Manual,17430
BMW,X1,2014,3.4,142659,Petrol,Automatic,16930
Kia,Sorento,2025,2.1,13447,Petrol,Manual,15250
Honda,Civic,2006,2.0,230058,Petrol,Automatic,800
Hyundai,i10,2011,4.5,171149,Hybrid,Automatic,13110
Toyota,Yaris,2025,2.4,13434,Petrol,Automatic,24450
Audi,A6,2011,1.1,191528,Petrol,Manual,6450
BMW,X1,2006,3.0,225808,Petrol,Manual,4550
Mercedes,GLC,2009,1.7,201578,Hybrid,Manual,7510
Mercedes,C-Class,2012,1.7,174423,Hybrid,Automatic,14960
Hyundai,Sonata,2023,1.7,36733,Petrol,Automatic,15410
Suzuki,Wagon R,2007,3.9,229759,Petrol,Automatic,1400
Mercedes,A-Class,2005,1.5,245091,Petrol,Manual,3120
Honda,Civic,2007,3.4,211275,Petrol,Manual,2830
Audi,Q3,2018,2.2,110878,Hybrid,Automatic,22750
Hyundai,i10,2020,4.5,69584,Hybrid,Automatic,21770
Kia,Picanto,2005,1.9,250948,Diesel,Manual,800
Nissan,Patrol,2009,4.5,204053,Petrol,Manual,6010
Audi,A6,2019,4.1,81452,Petrol,Automatic,25340
Mercedes,GLA,2016,4.6,109117,Petrol,Manual,24780
Mercedes,C-Class,2008,3.8,220732,Petrol,Manual,12480
Honda,Jazz,2015,2.6,130342,Electric,Automatic,12150
Suzuki,Wagon R,2019,5.0,85195,Diesel,Automatic,19110
Toyota,Yaris,2025,4.4,4250,Hybrid,Automatic,30590
Ford,Explorer,2014,1.8,150231,Petrol,Automatic,6100
Toyota,Fortuner,2005,1.1,249287,Diesel,Automatic,800
Nissan,Juke,2022,4.1,45703,Petrol,Manual,22620
Kia,Picanto,2014,3.6,136444,Diesel,Manual,8500
Hyundai,i10,2023,4.2,47497,Diesel,Automatic,21700
Mercedes,GLA,2008,2.3,213697,Diesel,Automatic,8530
Kia,Sorento,2017,4.8,98953,Diesel,Automatic,20520
BMW,3 Series,2020,4.4,75883,Petrol,Automatic,29610
Toyota,Yaris,2014,4.7,147435,Electric,Automatic,18860
Nissan,Juke,2007,1.3,232859,Hybrid,Manual,800
Hyundai,Tucson,2026,1.1,0,Petrol,Manual,13360
Mercedes,GLC,2024,3.0,30867,Petrol,Manual,26900
Suzuki,Alto,2014,2.8,159398,Petrol,Automatic,4590
BMW,3 Series,2010,3.9,201303,Petrol,Automatic,17040
Suzuki,Wagon R,2012,4.8,169434,Petrol,Automatic,9000
Audi,A3,2025,1.4,27174,Petrol,Automatic,22580
Honda,Jazz,2012,2.9,177866,Electric,Automatic,11240
BMW,3 Series,2008,3.7,197858,Diesel,Automatic,14940
Ford,Explorer,2015,4.0,125739,Petrol,Automatic,13910
Toyota,RAV4,2015,2.6,152857,Petrol,Automatic,10300
Honda,Jazz,2014,2.5,134727,Diesel,Manual,8110
Mercedes,GLC,2023,4.1,26234,Petrol,Automatic,33550
Ford,Escape,2011,4.4,169208,Petrol,Automatic,12780
Toyota,Yaris,2008,2.3,227366,Petrol,Manual,800
Mercedes,E-Class,2019,3.6,97626,Petrol,Manual,22780
BMW,5 Series,2022,2.1,57949,Diesel,Automatic,27510
Honda,Accord,2014,1.3,130080,Petrol,Manual,1130
Ford,Fiesta,2016,3.2,119601,Hybrid,Manual,12390
BMW,X1,2018,1.2,90330,Petrol,Manual,14160
Nissan,Juke,2021,4.3,62546,Diesel,Automatic,22000
Kia,Cerato,2014,1.6,145936,Petrol,Manual,800
Audi,Q5,2009,1.8,201157,Hybrid,Automatic,9370
Mercedes,E-Class,2008,4.8,214410,Petrol,Manual,11820
BMW,X1,2007,2.6,229206,Petrol,Manual,5150
Ford,Focus,2012,4.0,167148,Petrol,Automatic,8010
Ford,Escape,2007,5.0,226537,Petrol,Manual,7110
Ford,Explorer,2008,3.3,221221,Electric,Automatic,7710
Nissan,Patrol,2005,2.7,263447,Petrol,Automatic,800
Mercedes,A-Class,2026,4.5,0,Diesel,Manual,37860
Suzuki,Alto,2022,4.5,56160,Petrol,Manual,19970
Honda,CR-V,2015,3.1,126849,Petrol,Manual,9470
Hyundai,Santa Fe,2026,1.8,0,Petrol,Manual,15640
Ford,Escape,2008,2.0,214707,Petrol,Manual,800
Mercedes,GLC,2023,2.0,40439,Petrol,Manual,20710
Hyundai,i10,2014,2.6,145332,Petrol,Automatic,7290
Toyota,Camry,2026,3.4,0,Petrol,Automatic,27880
BMW,X5,2016,1.6,107332,Petrol,Manual,14230
Ford,Fiesta,2006,2.6,242553,Petrol,Manual,800
BMW,5 Series,2024,4.2,24171,Petrol,Automatic,34130
Honda,Civic,2017,4.0,106071,Hybrid,Automatic,17600
Toyota,Corolla,2007,2.9,237575,Petrol,Automatic,2160
Nissan,Patrol,2006,3.2,237247,Hybrid,Automatic,940
Kia,Picanto,2026,1.6,0,Diesel,Automatic,19030
Nissan,Patrol,2010,4.4,188448,Diesel,Automatic,7300
Ford,Mustang,2005,4.0,246820,Electric,Automatic,8130
Nissan,X-Trail,2006,4.5,236423,Hybrid,Automatic,8810
BMW,1 Series,2018,3.8,83359,Petrol,Automatic,23270
BMW,5 Series,2014,3.2,146852,Petrol,Automatic,18760
Hyundai,i10,2019,1.6,73881,Petrol,Automatic,11460
Ford,Explorer,2008,3.1,230144,Petrol,Automatic,1820
Suzuki,Wagon R,2014,1.5,146460,Petrol,Automatic,800
Audi,A4,2007,3.0,229457,Diesel,Automatic,8050
Suzuki,Alto,2026,3.7,2276,Petrol,Automatic,22310
BMW,X5,2024,1.5,26544,Diesel,Automatic,25240
BMW,X1,2011,3.8,174814,Hybrid,Automatic,20960
Toyota,Fortuner,2007,1.2,234294,Petrol,Automatic,800
BMW,X5,2015,3.4,125032,Petrol,Manual,16150
Hyundai,Santa Fe,2012,1.9,166613,Hybrid,Automatic,3880
Nissan,Patrol,2022,2.8,59613,Petrol,Automatic,18130
Ford,Fiesta,2015,4.9,125391,Diesel,Automatic,19480
Suzuki,Swift,2016,4.0,127357,Electric,Manual,13140
Mercedes,E-Class,2022,4.4,56207,Petrol,Manual,28250
Audi,Q5,2018,1.9,85438,Diesel,Manual,16120
Mercedes,E-Class,2014,4.3,140651,Diesel,Automatic,24840
BMW,5 Series,2018,3.1,99127,Hybrid,Manual,21790
Honda,Accord,2015,1.3,141478,Hybrid,Automatic,4580
Ford,Escape,2020,1.0,57592,Petrol,Manual,7510
Hyundai,Tucson,2007,4.2,215896,Hybrid,Manual,4560
Hyundai,Elantra,2015,1.9,122373,Petrol,Automatic,5170
Hyundai,Elantra,2018,4.8,100841,Electric,Automatic,23220
Kia,Sorento,2011,2.0,186769,Petrol,Automatic,2130
Toyota,Fortuner,2015,2.1,122863,Hybrid,Manual,6870
BMW,X1,2017,3.7,104239,Petrol,Automatic,25090
Suzuki,Wagon R,2014,1.0,148244,Electric,Automatic,3260
Hyundai,Sonata,2022,1.1,47262,Diesel,Automatic,12260
Honda,City,2010,1.2,188154,Diesel,Manual,2140
Audi,A6,2006,3.7,240556,Hybrid,Automatic,12250
Mercedes,GLC,2024,3.0,28452,Petrol,Manual,26840
Hyundai,i10,2011,4.2,186099,Petrol,Automatic,9550
Kia,Sportage,2008,3.2,210118,Petrol,Automatic,2210
BMW,5 Series,2019,1.5,74549,Diesel,Automatic,16920
Toyota,Fortuner,2018,3.9,91392,Petrol,Automatic,18490
Suzuki,Cultus,2026,3.1,0,Petrol,Automatic,22150
Ford,Explorer,2020,2.2,66603,Petrol,Manual,13270
Audi,A6,2012,4.8,181294,Petrol,Automatic,19270
Nissan,X-Trail,2006,1.0,240208,Petrol,Manual,800
Mercedes,C-Class,2026,3.9,0,Petrol,Manual,32200
Toyota,RAV4,2025,4.6,6671,Diesel,Automatic,32060
Ford,Fiesta,2011,4.7,184700,Petrol,Automatic,14970
Hyundai,i10,2012,4.2,169520,Petrol,Manual,12160
Ford,Explorer,2006,1.9,228370,Petrol,Manual,800
Suzuki,Baleno,2007,2.2,220283,Hybrid,Automatic,800
Toyota,Camry,2020,4.7,60764,Petrol,Automatic,22640
Hyundai,i10,2013,2.9,144222,Diesel,Manual,7640
Toyota,Corolla,2006,4.9,242681,Petrol,Automatic,8740
Nissan,Altima,2007,1.3,234661,Petrol,Automatic,800
Honda,City,2025,2.7,31235,Electric,Automatic,27200
Mercedes,GLA,2024,1.5,30546,Diesel,Manual,22300
Toyota,RAV4,2016,2.8,123770,Petrol,Automatic,11560
Honda,Jazz,2010,2.4,192233,Diesel,Manual,4680
BMW,X5,2020,2.0,78739,Diesel,Manual,20750
Ford,Mustang,2021,4.6,61603,Petrol,Manual,22600
Audi,Q5,2018,3.8,90678,Petrol,Manual,23670
Ford,Explorer,2014,1.7,134605,Hybrid,Automatic,9830
Toyota,Camry,2012,4.9,166687,Petrol,Manual,12630
Nissan,Sunny,2012,3.3,158616,Petrol,Automatic,7860
Audi,Q5,2014,3.4,144648,Diesel,Manual,16970
Toyota,RAV4,2018,4.7,95341,Petrol,Automatic,21900
Audi,Q3,2011,4.6,181806,Petrol,Automatic,20760
Hyundai,Santa Fe,2016,1.7,116185,Electric,Manual,8870
Toyota,Yaris,2014,1.7,150464,Petrol,Automatic,7570
Hyundai,i10,2020,2.3,56539,Electric,Automatic,18390
Audi,A4,2013,2.4,168510,Petrol,Automatic,13020
Hyundai,Elantra,2008,2.8,211093,Diesel,Automatic,1570
Audi,A4,2013,1.1,166108,Petrol,Automatic,9110
Nissan,Altima,2008,1.0,210719,Petrol,Manual,800
Nissan,Sunny,2016,2.1,131146,Hybrid,Automatic,9110
Nissan,Sunny,2023,4.3,19109,Petrol,Manual,21830
Ford,Escape,2012,1.3,167273,Petrol,Automatic,2700
Mercedes,GLC,2012,2.9,157667,Petrol,Automatic,17650
Ford,Fiesta,2010,1.8,196962,Hybrid,Manual,2310
Ford,Explorer,2018,3.7,99055,Diesel,Automatic,15990
Hyundai,Tucson,2005,2.3,249145,Petrol,Manual,800
Ford,Mustang,2026,2.0,11027,Petrol,Manual,19830
Kia,Sorento,2017,3.1,121686,Hybrid,Automatic,14370
BMW,X5,2010,3.4,204205,Petrol,Automatic,12620
Suzuki,Swift,2026,4.5,3822,Petrol,Manual,22760
Honda,Accord,2011,1.7,190192,Petrol,Manual,1320
Nissan,Patrol,2008,4.0,202414,Petrol,Automatic,7080
BMW,X5,2009,2.9,205219,Petrol,Automatic,12580
Audi,Q5,2015,1.8,135701,Petrol,Manual,10590
Kia,Sportage,2015,4.9,136541,Diesel,Automatic,16070
Toyota,Camry,2020,1.8,76675,Hybrid,Manual,13320
Ford,Focus,2005,2.8,248162,Petrol,Manual,800
Ford,Escape,2018,5.0,87273,Petrol,Manual,19290
Kia,Picanto,2015,3.3,132851,Hybrid,Manual,10380
Suzuki,Alto,2010,3.0,195864,Hybrid,Automatic,2150
Hyundai,Sonata,2022,3.1,62071,Diesel,Manual,16390
Nissan,Patrol,2011,4.1,187424,Petrol,Automatic,9670
BMW,X5,2025,3.7,11078,Petrol,Automatic,35290
Audi,A4,2011,1.5,166246,Petrol,Manual,6410
Mercedes,A-Class,2020,4.6,80030,Petrol,Automatic,31360
Audi,A6,2018,2.0,104672,Petrol,Automatic,16870
Suzuki,Wagon R,2025,1.4,16377,Petrol,Automatic,12550
Nissan,X-Trail,2020,4.1,65116,Petrol,Automatic,21280
Honda,City,2019,1.8,89856,Hybrid,Automatic,13030
Hyundai,i10,2011,1.3,187123,Petrol,Automatic,800
Nissan,Patrol,2026,1.7,4341,Hybrid,Manual,18530
Kia,Picanto,2011,4.9,178789,Petrol,Manual,8350
Toyota,Camry,2011,3.4,173438,Hybrid,Automatic,9720
Ford,Mustang,2010,2.2,186928,Petrol,Manual,800
Suzuki,Alto,2021,1.5,68055,Petrol,Automatic,7240
Mercedes,GLA,2023,1.0,25371,Petrol,Automatic,23060
Mercedes,A-Class,2015,2.6,145580,Electric,Automatic,22260
Hyundai,Sonata,2009,1.6,202094,Petrol,Manual,800
Honda,Jazz,2008,4.7,214306,Petrol,Automatic,11660
Mercedes,GLC,2017,1.1,100968,Diesel,Manual,12740
Kia,Picanto,2024,2.2,35780,Petrol,Automatic,17300
Nissan,Sunny,2012,2.0,178286,Diesel,Automatic,3490
Kia,Sorento,2009,1.1,191072,Petrol,Manual,800
Toyota,Corolla,2016,3.2,108182,Diesel,Manual,12010
Audi,A4,2012,1.4,159681,Petrol,Automatic,12680
Suzuki,Wagon R,2011,1.9,190657,Petrol,Automatic,800
BMW,X1,2015,1.3,129093,Petrol,Manual,14350
Mercedes,GLA,2022,2.9,53001,Hybrid,Automatic,27660
Honda,Jazz,2019,2.5,86465,Petrol,Automatic,15360
Suzuki,Baleno,2023,4.7,30094,Diesel,Automatic,23230
Suzuki,Cultus,2018,1.7,86573,Petrol,Manual,2360
Audi,A3,2019,4.5,71318,Petrol,Automatic,30190
Hyundai,i10,2011,4.3,186901,Petrol,Manual,8270
Ford,Mustang,2026,2.4,10351,Petrol,Manual,19180
Nissan,X-Trail,2011,1.0,173170,Hybrid,Automatic,2460
Ford,Mustang,2006,3.6,233450,Electric,Automatic,9850
Nissan,Patrol,2023,3.5,42521,Diesel,Automatic,21730
BMW,1 Series,2021,4.6,72354,Hybrid,Automatic,29050
Ford,Mustang,2016,4.1,118272,Diesel,Automatic,15630
Nissan,Patrol,2017,3.6,102374,Hybrid,Automatic,13860
Hyundai,Santa Fe,2020,3.8,79199,Petrol,Manual,15960
BMW,1 Series,2021,2.6,54757,Petrol,Manual,19690
Nissan,Sunny,2026,1.4,0,Petrol,Manual,18450
Nissan,X-Trail,2014,3.6,149489,Petrol,Automatic,11340
Mercedes,GLC,2010,2.6,199445,Petrol,Automatic,12520
Suzuki,Swift,2023,1.8,33706,Hybrid,Manual,8450
BMW,5 Series,2010,4.9,194019,Petrol,Automatic,18650
Audi,A6,2010,1.9,189313,Petrol,Manual,7630
Hyundai,Santa Fe,2009,2.1,202038,Petrol,Automatic,870
Kia,Stonic,2023,3.7,55982,Diesel,Automatic,20450
Audi,Q5,2018,1.4,109608,Petrol,Manual,12400
Mercedes,A-Class,2026,3.6,2393,Diesel,Automatic,33250
BMW,X1,2025,4.5,7729,Petrol,Manual,37570
Honda,CR-V,2008,2.1,215595,Petrol,Automatic,800
Mercedes,GLA,2013,4.8,152485,Hybrid,Automatic,20510
Honda,City,2021,4.3,65889,Petrol,Manual,20450
Honda,Jazz,2020,3.8,68796,Diesel,Automatic,20560
Toyota,RAV4,2012,2.4,165325,Hybrid,Manual,2690
Mercedes,C-Class,2016,5.0,113454,Diesel,Automatic,28830
Audi,Q5,2023,1.1,37436,Petrol,Automatic,20490
BMW,5 Series,2026,4.2,0,Petrol,Manual,31730
BMW,3 Series,2007,4.7,223296,Diesel,Manual,12570
Audi,A6,2009,3.0,206812,Petrol,Automatic,12880
Hyundai,i10,2006,2.4,246843,Petrol,Automatic,800
Suzuki,Cultus,2021,1.6,55651,Petrol,Automatic,11590
BMW,X5,2013,4.9,153961,Petrol,Manual,22340
Nissan,Altima,2026,1.3,13696,Petrol,Manual,12460
Ford,Focus,2020,1.1,78987,Petrol,Automatic,11080
Suzuki,Wagon R,2016,4.0,115373,Hybrid,Automatic,16600
Kia,Sportage,2022,1.7,55544,Diesel,Manual,10560
Nissan,Patrol,2025,3.1,9268,Hybrid,Automatic,23180
Honda,City,2007,3.7,243012,Electric,Automatic,9220
Mercedes,GLA,2009,5.0,204378,Petrol,Automatic,17350
Ford,Escape,2017,3.0,113922,Petrol,Automatic,13760
Suzuki,Swift,2023,2.8,30109,Diesel,Automatic,17990
Toyota,Yaris,2020,2.6,54451,Hybrid,Automatic,22010
Hyundai,Elantra,2022,1.7,49153,Petrol,Automatic,14770
Ford,Fiesta,2018,4.6,86302,Petrol,Manual,17460
Suzuki,Baleno,2023,3.6,46863,Diesel,Automatic,17110
Audi,Q3,2023,4.5,46284,Petrol,Automatic,32310
BMW,5 Series,2010,2.4,200467,Electric,Manual,13680
Suzuki,Cultus,2019,4.6,96201,Electric,Automatic,22110
Kia,Sorento,2021,2.3,61987,Petrol,Automatic,12540
Toyota,Yaris,2007,1.4,232648,Diesel,Automatic,800
Kia,Cerato,2006,4.2,230100,Petrol,Automatic,3800
Mercedes,GLC,2006,4.8,239209,Diesel,Automatic,17000
Nissan,X-Trail,2022,3.6,38786,Petrol,Automatic,23080
Audi,A4,2006,3.5,238543,Diesel,Automatic,7840
BMW,X1,2020,2.1,82078,Petrol,Manual,19240
Honda,Accord,2025,3.7,24952,Petrol,Automatic,26960
Suzuki,Wagon R,2014,1.8,151810,Petrol,Automatic,800
BMW,5 Series,2008,4.3,215751,Hybrid,Automatic,15860
Honda,Civic,2015,2.7,128598,Petrol,Manual,5480
Suzuki,Cultus,2007,4.9,232258,Petrol,Automatic,4170
Hyundai,i10,2026,3.9,0,Diesel,Automatic,30080
Hyundai,Elantra,2008,3.0,210532,Petrol,Automatic,2440
Honda,Civic,2011,2.6,175110,Petrol,Manual,2330
Audi,A6,2020,3.4,68201,Petrol,Automatic,27830
BMW,1 Series,2014,4.1,130475,Diesel,Automatic,22460
Honda,CR-V,2017,1.7,100703,Diesel,Automatic,9690
Hyundai,Sonata,2015,3.0,136204,Petrol,Manual,6060
BMW,5 Series,2021,3.1,66644,Petrol,Manual,22460
Nissan,X-Trail,2022,2.6,58341,Petrol,Automatic,16180
Ford,Mustang,2016,1.3,113807,Diesel,Automatic,7900
Audi,A4,2011,2.0,167024,Petrol,Manual,8310
Toyota,Fortuner,2006,4.7,243469,Petrol,Automatic,8620
Toyota,Corolla,2005,2.8,245251,Petrol,Automatic,1240
Honda,City,2019,1.0,81407,Hybrid,Manual,9750
Audi,A3,2023,1.9,61807,Petrol,Automatic,21230
Honda,CR-V,2024,3.4,24260,Hybrid,Automatic,22730
Nissan,Juke,2019,3.5,80163,Petrol,Manual,13670
Nissan,Sunny,2013,2.5,172480,Petrol,Manual,3720
Honda,City,2006,4.2,246976,Petrol,Manual,1140
Honda,Jazz,2012,2.2,176703,Petrol,Manual,4640
Mercedes,GLC,2015,1.3,123680,Petrol,Manual,10490
Hyundai,i10,2021,4.7,70527,Diesel,Automatic,22620
Ford,Escape,2023,3.8,53224,Petrol,Automatic,22100
Kia,Picanto,2016,3.1,122497,Petrol,Automatic,11100
Suzuki,Alto,2023,2.4,34812,Petrol,Manual,11790
Hyundai,i10,2022,2.0,43938,Petrol,Automatic,14750
Ford,Escape,2010,2.4,186979,Petrol,Automatic,4220
Honda,CR-V,2012,4.1,168942,Diesel,Automatic,12410
Ford,Mustang,2026,1.2,3913,Petrol,Automatic,17280
Honda,Civic,2026,4.7,14959,Diesel,Automatic,30070
Ford,Fiesta,2018,4.9,100734,Petrol,Manual,20210
BMW,1 Series,2013,2.8,163935,Petrol,Automatic,16890
Kia,Picanto,2014,3.4,143916,Hybrid,Automatic,13200
Toyota,Yaris,2010,4.4,184506,Petrol,Automatic,10820
Toyota,Yaris,2007,3.3,214415,Petrol,Manual,800
Toyota,RAV4,2017,4.1,119230,Petrol,Automatic,19000
Toyota,RAV4,2015,4.8,133588,Diesel,Manual,16620
Honda,CR-V,2022,4.1,61188,Hybrid,Automatic,27160
Suzuki,Alto,2010,2.4,199508,Diesel,Manual,800
BMW,3 Series,2026,1.0,0,Hybrid,Automatic,24780
Toyota,Yaris,2008,1.9,222664,Hybrid,Automatic,4580
Mercedes,GLA,2006,1.1,239094,Petrol,Automatic,2180
Honda,Civic,2013,1.2,154163,Hybrid,Automatic,5140
Audi,Q3,2025,3.7,29265,Petrol,Automatic,31400
Hyundai,i10,2024,1.3,19551,Petrol,Manual,12920
Toyota,Camry,2026,1.6,5654,Petrol,Automatic,21690
Suzuki,Wagon R,2026,3.4,17366,Petrol,Automatic,22460
Audi,A4,2025,4.8,8183,Hybrid,Automatic,39380
Hyundai,Sonata,2005,4.6,241778,Hybrid,Automatic,8620
Suzuki,Alto,2010,3.2,206125,Diesel,Automatic,1110
Suzuki,Baleno,2013,2.8,155454,Diesel,Manual,800
Hyundai,Tucson,2014,2.5,161857,Diesel,Manual,4870
Ford,Escape,2007,5.0,219132,Diesel,Automatic,8240
Mercedes,GLC,2024,2.4,12356,Petrol,Manual,25550
Mercedes,GLA,2012,4.2,167877,Petrol,Automatic,20310
BMW,5 Series,2007,4.1,218389,Petrol,Manual,12070
Suzuki,Baleno,2024,3.9,26321,Hybrid,Manual,19000
Toyota,RAV4,2013,4.0,162851,Petrol,Manual,8820
Nissan,Sunny,2012,2.2,171348,Hybrid,Manual,3020
Mercedes,A-Class,2012,3.8,153902,Electric,Manual,20250
Toyota,Fortuner,2022,3.5,35512,Hybrid,Manual,21540
BMW,3 Series,2006,4.3,223051,Petrol,Automatic,11890
Mercedes,C-Class,2016,4.4,119196,Hybrid,Automatic,26550
Ford,Escape,2019,4.0,92091,Petrol,Automatic,17670
Kia,Cerato,2012,2.2,151759,Diesel,Manual,1550
Honda,City,2010,4.0,206574,Hybrid,Manual,9580
Suzuki,Swift,2020,4.0,80977,Diesel,Automatic,15460
Honda,Civic,2015,1.3,133539,Hybrid,Manual,4470
Audi,Q3,2006,4.8,240620,Electric,Automatic,21780
Audi,Q5,2007,2.4,222350,Petrol,Manual,1350
Hyundai,Sonata,2023,4.0,43431,Hybrid,Automatic,25180
Honda,Civic,2017,1.2,98444,Petrol,Manual,5850
Ford,Mustang,2009,4.0,193632,Hybrid,Manual,7620
Suzuki,Alto,2019,1.2,82381,Diesel,Automatic,5710
Honda,CR-V,2017,3.8,109703,Petrol,Automatic,18720
Audi,Q3,2023,2.0,29916,Petrol,Automatic,26230
Ford,Focus,2019,2.0,79706,Petrol,Automatic,11750
BMW,5 Series,2008,3.5,213326,Petrol,Manual,10660
Mercedes,C-Class,2026,1.6,1172,Diesel,Automatic,28200
Hyundai,Santa Fe,2026,2.8,9017,Hybrid,Manual,18840
Toyota,Yaris,2014,4.1,150652,Petrol,Automatic,12550
BMW,X5,2010,2.1,199051,Petrol,Manual,5770
Mercedes,E-Class,2012,1.2,165550,Electric,Automatic,11750
Honda,CR-V,2019,2.9,82002,Petrol,Manual,16860
Hyundai,Elantra,2007,2.9,234037,Petrol,Automatic,1900
Ford,Mustang,2017,1.2,99508,Petrol,Automatic,8140
Suzuki,Baleno,2021,1.9,49047,Petrol,Manual,10150
Kia,Stonic,2020,4.0,77505,Petrol,Manual,20450
Suzuki,Cultus,2009,1.9,206513,Hybrid,Manual,800
Suzuki,Swift,2026,3.0,3690,Diesel,Manual,16430
Mercedes,E-Class,2026,2.2,0,Petrol,Automatic,29070
Kia,Sportage,2011,1.9,178148,Petrol,Automatic,800
Nissan,Sunny,2015,2.6,136351,Petrol,Automatic,8500
Ford,Mustang,2018,3.7,92050,Petrol,Automatic,15450
Hyundai,i10,2016,3.4,128583,Petrol,Automatic,12750
Audi,A3,2026,1.8,4158,Diesel,Manual,23770
Honda,Jazz,2020,4.9,80848,Petrol,Automatic,22660
Hyundai,Tucson,2026,4.4,0,Diesel,Automatic,30990
Nissan,X-Trail,2022,1.6,67080,Diesel,Automatic,12240
Suzuki,Cultus,2011,3.1,175561,Hybrid,Manual,2870
Hyundai,Santa Fe,2023,3.0,47252,Diesel,Automatic,18110
Suzuki,Baleno,2019,5.0,96674,Hybrid,Automatic,18930
Kia,Stonic,2026,3.5,0,Petrol,Automatic,22620
Ford,Mustang,2024,4.2,21986,Petrol,Manual,26130
Audi,A4,2026,4.8,0,Diesel,Automatic,39750
Mercedes,A-Class,2021,4.9,62314,Petrol,Automatic,32790
Kia,Stonic,2014,1.4,150129,Diesel,Automatic,1530
Hyundai,Tucson,2012,4.5,158177,Hybrid,Automatic,13930
Kia,Stonic,2005,2.8,240526,Petrol,Automatic,800
Suzuki,Swift,2008,5.0,210091,Petrol,Automatic,7660
Audi,Q3,2021,5.0,76525,Petrol,Automatic,34090
Mercedes,C-Class,2008,3.2,194199,Petrol,Manual,11410
Audi,A4,2024,1.9,31121,Petrol,Automatic,24940
Audi,Q3,2012,2.5,165674,Petrol,Manual,8880
Honda,Accord,2021,4.2,57536,Petrol,Manual,21220
Honda,CR-V,2015,3.8,128550,Diesel,Automatic,14980
BMW,5 Series,2008,3.9,224066,Petrol,Automatic,17110
Mercedes,A-Class,2012,3.3,164886,Electric,Manual,19430
Kia,Picanto,2024,1.9,30371,Diesel,Automatic,14890
Hyundai,Santa Fe,2016,1.7,116149,Hybrid,Manual,8780
BMW,X5,2006,3.1,225459,Petrol,Manual,3500
Ford,Explorer,2006,3.0,232549,Petrol,Automatic,800
BMW,3 Series,2008,1.1,233922,Petrol,Automatic,7450
BMW,3 Series,2010,2.8,182101,Petrol,Automatic,13310
Kia,Sportage,2011,1.5,176525,Hybrid,Automatic,4880
Hyundai,Elantra,2014,4.8,137529,Petrol,Automatic,17180
Hyundai,Santa Fe,2013,2.5,166220,Diesel,Automatic,8310
Suzuki,Cultus,2019,1.2,96281,Hybrid,Automatic,7190
Hyundai,i10,2017,4.1,105397,Petrol,Automatic,16860
Ford,Explorer,2006,3.5,243215,Petrol,Manual,800
Toyota,Fortuner,2018,4.4,95041,Petrol,Manual,17450
Hyundai,Sonata,2024,4.0,22148,Hybrid,Manual,26250
Suzuki,Wagon R,2007,1.0,219261,Petrol,Automatic,800
Nissan,Altima,2007,3.5,232141,Petrol,Automatic,3000
BMW,X5,2018,3.4,92665,Electric,Automatic,27200
BMW,X1,2007,3.4,227811,Petrol,Automatic,9900
Toyota,Camry,2020,2.6,84650,Petrol,Automatic,18450
Audi,A4,2011,2.2,185763,Diesel,Automatic,10490
Kia,Sorento,2025,2.0,6449,Petrol,Manual,16850
Kia,Picanto,2005,4.3,250561,Petrol,Automatic,800
Toyota,Fortuner,2018,3.5,102031,Petrol,Automatic,17320
Hyundai,Elantra,2022,2.8,53510,Petrol,Automatic,16880
Nissan,Altima,2007,5.0,221773,Petrol,Automatic,8200
BMW,X1,2019,4.9,79651,Diesel,Automatic,31990
Suzuki,Wagon R,2018,1.0,84992,Petrol,Manual,2040
Hyundai,Tucson,2009,1.8,203260,Petrol,Automatic,800
Audi,Q5,2009,1.2,208242,Petrol,Manual,1150
Audi,Q5,2019,2.2,77359,Hybrid,Manual,21300
Audi,Q3,2019,2.1,74327,Petrol,Automatic,17550
Kia,Sorento,2025,4.8,18704,Petrol,Automatic,28580
Kia,Picanto,2006,4.2,246935,Hybrid,Automatic,3190
Honda,CR-V,2010,3.1,193756,Diesel,Manual,3880
Suzuki,Wagon R,2012,3.2,173944,Petrol,Automatic,5110
Suzuki,Baleno,2005,3.7,265416,Petrol,Automatic,800
Kia,Sorento,2021,4.9,57820,Hybrid,Automatic,27910
Hyundai,Tucson,2012,4.5,182908,Diesel,Manual,8780
Nissan,Patrol,2020,4.8,77421,Petrol,Manual,20240
Honda,Jazz,2021,2.8,64752,Diesel,Automatic,15450
Kia,Stonic,2010,2.8,192997,Hybrid,Manual,3880
Kia,Cerato,2006,4.7,243314,Petrol,Automatic,6400
Suzuki,Baleno,2025,2.1,0,Petrol,Manual,13490
Ford,Escape,2019,3.1,100836,Hybrid,Automatic,18840
Mercedes,GLC,2005,4.5,251393,Diesel,Automatic,9430
Nissan,Sunny,2023,3.4,33326,Diesel,Manual,22090
Audi,A6,2026,3.0,0,Petrol,Automatic,30710
Kia,Stonic,2023,4.5,24396,Petrol,Automatic,25400
Nissan,X-Trail,2006,2.7,237637,Diesel,Automatic,4580
Hyundai,Sonata,2026,2.4,7954,Petrol,Manual,16590
Mercedes,GLA,2014,2.7,139650,Petrol,Automatic,18260
Suzuki,Alto,2007,4.9,217616,Hybrid,Manual,5270
BMW,1 Series,2016,4.3,131732,Diesel,Manual,18590
Audi,A3,2016,1.8,118228,Petrol,Manual,12700
Honda,Accord,2020,4.5,77805,Petrol,Manual,22930
Toyota,Corolla,2014,4.0,150739,Diesel,Manual,10330
Hyundai,Elantra,2007,2.6,226756,Electric,Automatic,4130
Mercedes,A-Class,2011,1.9,180454,Hybrid,Manual,11790
Suzuki,Wagon R,2005,2.0,252102,Petrol,Automatic,800
Ford,Mustang,2020,3.9,78610,Diesel,Automatic,19460
Mercedes,E-Class,2025,3.2,0,Petrol,Manual,30220
Kia,Sportage,2019,2.5,73490,Diesel,Automatic,9930
Toyota,Fortuner,2022,4.8,53678,Petrol,Manual,25460
Honda,Jazz,2005,4.6,241548,Hybrid,Automatic,9010
Mercedes,C-Class,2024,4.9,32722,Petrol,Manual,33260
Toyota,Fortuner,2024,3.2,34415,Diesel,Automatic,22810
Ford,Explorer,2023,2.1,20659,Petrol,Manual,14780
Suzuki,Cultus,2016,3.2,118026,Petrol,Manual,6670
Honda,Accord,2018,3.5,90135,Petrol,Manual,14810
Kia,Stonic,2008,4.8,214611,Petrol,Automatic,6810
Nissan,X-Trail,2016,2.8,121988,Petrol,Automatic,10740
Ford,Fiesta,2015,4.7,123811,Petrol,Manual,13080
Hyundai,Santa Fe,2021,3.1,70390,Petrol,Manual,13280
Audi,A4,2014,3.0,149934,Diesel,Automatic,17740
Mercedes,E-Class,2013,3.4,160278,Diesel,Automatic,19880
Mercedes,GLC,2008,2.5,223371,Hybrid,Manual,8360
Nissan,Altima,2006,2.7,242414,Hybrid,Automatic,800
Suzuki,Wagon R,2022,4.4,43920,Diesel,Manual,19050
Toyota,Yaris,2013,4.2,156529,Petrol,Manual,11760
Ford,Fiesta,2011,2.5,176158,Diesel,Manual,1100
Kia,Sportage,2026,4.0,2973,Petrol,Automatic,22990
BMW,5 Series,2021,4.3,65386,Petrol,Manual,26930
Ford,Explorer,2009,3.8,190451,Diesel,Manual,5150
Audi,A6,2015,4.0,137486,Diesel,Manual,16890
Suzuki,Swift,2015,1.9,138497,Hybrid,Manual,1180
Honda,Civic,2024,1.2,36408,Petrol,Manual,11930
Honda,Civic,2017,3.6,115037,Petrol,Automatic,16900
Hyundai,Santa Fe,2018,3.8,95175,Hybrid,Manual,17200
Hyundai,i10,2007,4.7,216903,Electric,Automatic,12730
Honda,Jazz,2024,4.0,22359,Diesel,Manual,25170
Nissan,Patrol,2009,3.6,199621,Petrol,Manual,3200
Toyota,Yaris,2019,4.5,88440,Petrol,Automatic,21870
Ford,Fiesta,2023,3.8,33471,Petrol,Automatic,22280
Audi,A4,2013,4.8,166701,Diesel,Manual,19220
Nissan,Juke,2015,4.3,132050,Petrol,Manual,10640
Honda,CR-V,2022,2.9,55552,Petrol,Automatic,18680
Audi,A3,2016,3.3,116770,Petrol,Manual,16100
Nissan,Altima,2026,4.6,6645,Petrol,Automatic,28830
Kia,Picanto,2008,2.0,219103,Hybrid,Manual,800
Toyota,Fortuner,2010,2.5,188906,Petrol,Automatic,5700
BMW,3 Series,2005,1.8,246907,Diesel,Manual,2130
Hyundai,Santa Fe,2007,1.2,232734,Hybrid,Automatic,800
Mercedes,GLC,2012,3.5,159593,Electric,Automatic,21290
BMW,3 Series,2014,3.1,141841,Diesel,Manual,14160
Audi,A6,2008,1.8,215424,Hybrid,Automatic,9220
Mercedes,A-Class,2022,2.1,61067,Petrol,Manual,22450
Kia,Cerato,2011,2.5,176638,Petrol,Automatic,2840
Kia,Sorento,2006,4.3,235745,Petrol,Automatic,4380
Toyota,Corolla,2011,1.7,188615,Petrol,Manual,1860
Kia,Picanto,2025,1.7,10353,Petrol,Automatic,17110
Toyota,Corolla,2024,1.2,22077,Petrol,Automatic,17840
BMW,X1,2025,1.5,38788,Petrol,Automatic,24940
Kia,Picanto,2011,2.1,182209,Diesel,Manual,800
Audi,A4,2010,4.6,185875,Petrol,Manual,15740
BMW,1 Series,2012,1.5,163366,Diesel,Manual,6990
BMW,X5,2008,3.1,213844,Petrol,Automatic,9360
Nissan,X-Trail,2007,4.9,221399,Petrol,Automatic,7640
BMW,1 Series,2009,2.7,209371,Petrol,Manual,6850
Suzuki,Baleno,2005,3.3,268557,Petrol,Automatic,800
Mercedes,C-Class,2017,2.5,122839,Diesel,Manual,17410
Hyundai,Elantra,2026,3.8,3704,Petrol,Automatic,26520
Suzuki,Swift,2026,2.1,0,Petrol,Manual,15150
Ford,Fiesta,2011,4.2,176685,Hybrid,Automatic,13010
Audi,A4,2015,4.6,134554,Petrol,Automatic,22230
Nissan,X-Trail,2019,3.0,92195,Diesel,Manual,11940
Kia,Picanto,2026,4.6,8459,Electric,Automatic,33300
Hyundai,Elantra,2023,2.7,27791,Diesel,Manual,16850
BMW,5 Series,2007,2.5,226741,Diesel,Manual,6420
Suzuki,Cultus,2024,1.4,26215,Hybrid,Manual,10280
Kia,Sorento,2022,3.2,55443,Petrol,Automatic,17420
Ford,Fiesta,2013,4.1,141979,Electric,Automatic,17220
Audi,A3,2023,2.0,31296,Petrol,Automatic,24030
Kia,Sportage,2014,4.7,142110,Petrol,Automatic,13580
Suzuki,Alto,2019,5.0,79911,Hybrid,Manual,18210
Toyota,Camry,2008,1.7,209079,Petrol,Automatic,800
Honda,City,2026,1.2,7172,Petrol,Automatic,18270
BMW,X5,2006,2.2,248164,Diesel,Automatic,6220
Suzuki,Baleno,2007,4.9,238119,Petrol,Manual,800
Nissan,Sunny,2022,2.2,52134,Diesel,Automatic,15440
Toyota,Fortuner,2019,1.2,86571,Diesel,Automatic,8740
Hyundai,Sonata,2025,1.6,3840,Hybrid,Automatic,21050
Honda,Civic,2023,2.4,40194,Diesel,Automatic,19540
Hyundai,i10,2024,1.0,27732,Petrol,Automatic,13330
Hyundai,i10,2024,4.8,28797,Petrol,Automatic,26000
BMW,5 Series,2015,3.7,127072,Petrol,Automatic,21790
Mercedes,E-Class,2008,4.9,218150,Electric,Automatic,24170
BMW,3 Series,2022,4.8,46808,Diesel,Automatic,33850
Kia,Cerato,2018,1.0,93017,Diesel,Automatic,7200
Toyota,Yaris,2012,1.3,182102,Petrol,Manual,800
Nissan,Altima,2022,2.9,45352,Petrol,Automatic,18430
Audi,A4,2009,1.0,206238,Diesel,Automatic,3230
Hyundai,Santa Fe,2011,1.8,182407,Hybrid,Automatic,4880
Mercedes,GLC,2005,3.4,255433,Diesel,Automatic,9690
Honda,CR-V,2022,2.9,39370,Diesel,Manual,14570
Toyota,RAV4,2023,3.5,49129,Diesel,Automatic,22700
Nissan,X-Trail,2012,1.4,160539,Diesel,Manual,800
Suzuki,Cultus,2026,3.7,15602,Diesel,Automatic,19870
Ford,Explorer,2008,3.7,210182,Diesel,Manual,3640
Audi,Q3,2012,4.3,165194,Diesel,Automatic,16730
BMW,X5,2009,3.8,201289,Petrol,Automatic,15310
Mercedes,C-Class,2025,3.8,15270,Diesel,Automatic,34260
Suzuki,Alto,2006,1.7,242164,Petrol,Manual,800
Toyota,Fortuner,2026,4.0,10297,Petrol,Automatic,27240
Kia,Stonic,2019,1.4,81921,Electric,Manual,8420
Ford,Mustang,2007,3.9,234671,Hybrid,Automatic,5710
Honda,CR-V,2012,1.0,170914,Diesel,Automatic,800
Kia,Sorento,2011,1.7,169615,Petrol,Manual,800
Suzuki,Alto,2019,4.7,72133,Petrol,Manual,16370
Ford,Escape,2016,2.3,114802,Petrol,Automatic,10570
Nissan,Sunny,2014,2.1,148208,Electric,Manual,5900
Nissan,X-Trail,2025,4.8,34375,Diesel,Automatic,28820
Hyundai,i10,2017,3.3,102883,Petrol,Manual,12320
Toyota,Yaris,2012,3.7,181536,Petrol,Manual,9140
BMW,X5,2013,1.3,149536,Diesel,Automatic,9160
Toyota,Yaris,2021,1.5,60561,Diesel,Automatic,12630
Suzuki,Cultus,2022,1.9,60942,Electric,Manual,15130
Ford,Focus,2011,3.0,182722,Petrol,Automatic,4110
Hyundai,Sonata,2019,4.9,93372,Electric,Manual,23690
Audi,Q3,2013,2.0,157578,Petrol,Automatic,13380
Suzuki,Alto,2026,4.5,1087,Petrol,Automatic,26560
Honda,City,2023,1.7,45567,Petrol,Manual,17490
Ford,Focus,2021,4.8,55473,Petrol,Automatic,23450
Ford,Mustang,2024,3.7,10550,Petrol,Manual,22520
Nissan,Juke,2014,1.7,148430,Diesel,Automatic,5280
Mercedes,GLC,2006,2.9,235813,Diesel,Manual,7270
Ford,Mustang,2024,4.6,22720,Petrol,Automatic,25790
Mercedes,C-Class,2017,2.5,107002,Petrol,Automatic,21240
Audi,Q3,2007,2.9,217218,Hybrid,Automatic,13380
BMW,X1,2012,4.0,159139,Diesel,Manual,18240
Kia,Stonic,2014,3.1,144867,Diesel,Automatic,7910
Suzuki,Wagon R,2024,2.7,25853,Petrol,Automatic,16360
Hyundai,i10,2007,3.3,226850,Petrol,Automatic,1500
Honda,CR-V,2011,3.0,187916,Petrol,Automatic,8920
BMW,5 Series,2025,4.8,24884,Petrol,Manual,31000
Toyota,Corolla,2008,4.8,219283,Petrol,Manual,6990
Audi,A3,2009,2.7,198107,Petrol,Automatic,8980
Ford,Escape,2023,2.1,48019,Diesel,Automatic,16400
Kia,Sorento,2024,1.5,30867,Diesel,Manual,13080
Kia,Stonic,2006,1.6,236534,Petrol,Automatic,800
Mercedes,E-Class,2022,4.6,41937,Petrol,Manual,31670
Hyundai,Elantra,2017,4.6,106021,Hybrid,Automatic,20540
Ford,Escape,2014,3.3,139525,Diesel,Automatic,9540
Hyundai,Santa Fe,2022,1.9,42853,Petrol,Automatic,13150
Kia,Stonic,2018,3.1,93807,Electric,Manual,13660
Audi,A4,2026,4.4,20825,Petrol,Manual,32260
Mercedes,C-Class,2006,2.5,237386,Diesel,Automatic,6480
Hyundai,Elantra,2013,1.4,137740,Diesel,Manual,800
Suzuki,Swift,2020,1.5,66944,Diesel,Automatic,8410
Suzuki,Alto,2015,4.1,127477,Petrol,Manual,8590
Ford,Fiesta,2006,1.6,255294,Petrol,Automatic,800
Nissan,Altima,2018,3.6,78212,Petrol,Automatic,14300
Audi,Q3,2026,4.9,0,Diesel,Manual,34420
Kia,Cerato,2023,3.3,32796,Petrol,Manual,19530
Ford,Escape,2014,2.0,149033,Petrol,Automatic,4420
Nissan,X-Trail,2010,1.1,183030,Petrol,Automatic,800
Toyota,Fortuner,2010,2.7,189517,Petrol,Manual,5890
Ford,Fiesta,2021,3.0,53515,Diesel,Automatic,17580
Hyundai,i10,2011,3.4,166784,Diesel,Automatic,6010
Mercedes,E-Class,2026,1.4,0,Petrol,Automatic,26540
Ford,Fiesta,2025,4.7,15309,Petrol,Automatic,29260
BMW,X1,2006,2.6,240807,Diesel,Automatic,9760
Hyundai,i10,2012,2.8,164637,Petrol,Manual,3460
Kia,Sorento,2005,1.1,249475,Hybrid,Automatic,800
Mercedes,A-Class,2006,1.6,242026,Petrol,Automatic,2080
Toyota,Camry,2016,1.8,120380,Hybrid,Manual,8300
Nissan,Sunny,2013,4.0,150994,Petrol,Manual,9630
Audi,A3,2016,1.6,114552,Diesel,Manual,11930
Hyundai,i10,2009,5.0,196214,Petrol,Automatic,11070
Ford,Explorer,2025,3.4,29412,Hybrid,Automatic,26850
Hyundai,Sonata,2010,4.4,195878,Petrol,Automatic,10270
Toyota,Yaris,2012,1.4,169965,Diesel,Automatic,3290
Honda,Civic,2007,1.9,215175,Hybrid,Automatic,800
BMW,1 Series,2026,2.8,2058,Electric,Manual,34760
Ford,Mustang,2012,2.2,172641,Petrol,Automatic,3140
BMW,5 Series,2011,3.1,182800,Hybrid,Automatic,18800
Toyota,Fortuner,2015,2.5,123086,Petrol,Automatic,11220
Hyundai,Sonata,2007,2.8,228582,Petrol,Automatic,800
Audi,A6,2007,3.6,213904,Diesel,Manual,7510
Toyota,Camry,2014,3.7,149999,Petrol,Automatic,13730
Mercedes,GLA,2020,3.2,75186,Petrol,Automatic,27000
Ford,Mustang,2013,1.0,151107,Diesel,Automatic,800
Kia,Picanto,2017,2.9,110751,Diesel,Manual,7940
BMW,5 Series,2015,1.1,135634,Petrol,Manual,9770
Audi,A3,2023,1.6,32229,Petrol,Automatic,23000
Ford,Focus,2026,2.5,7346,Petrol,Manual,21020
Nissan,X-Trail,2013,3.8,165044,Petrol,Manual,8350
Nissan,Juke,2011,3.6,185045,Petrol,Manual,4280
Suzuki,Swift,2008,3.7,219444,Petrol,Manual,800
Ford,Mustang,2020,1.7,61879,Petrol,Automatic,13880
BMW,X5,2020,2.7,65969,Petrol,Manual,22080
Mercedes,GLC,2012,3.0,167646,Petrol,Manual,13840
BMW,X5,2013,4.3,147158,Hybrid,Manual,20510
Mercedes,GLC,2008,2.2,207804,Hybrid,Automatic,11560
Hyundai,Tucson,2007,3.7,210616,Petrol,Manual,800
Audi,Q3,2020,4.1,71861,Petrol,Automatic,28750
Audi,Q5,2026,1.4,3244,Hybrid,Automatic,28300
Honda,City,2019,3.6,92972,Hybrid,Automatic,21720
Suzuki,Wagon R,2011,4.3,165450,Petrol,Automatic,7780
Kia,Stonic,2005,5.0,248999,Petrol,Automatic,1870
Suzuki,Wagon R,2005,4.3,245642,Petrol,Automatic,800
Ford,Focus,2019,2.2,92598,Hybrid,Automatic,18950
BMW,3 Series,2019,2.7,85012,Petrol,Manual,22790
Honda,Accord,2022,2.6,50679,Petrol,Automatic,17240
Audi,A6,2021,1.7,50638,Petrol,Automatic,22150
Hyundai,i10,2024,2.6,29311,Electric,Automatic,25810
Hyundai,Sonata,2007,3.6,210166,Petrol,Manual,1710
Audi,A6,2012,2.6,165993,Petrol,Manual,10810
Nissan,Patrol,2025,1.6,20518,Petrol,Automatic,21600
BMW,5 Series,2013,4.3,148391,Petrol,Automatic,20100
Ford,Explorer,2020,1.2,65485,Diesel,Manual,8690
Ford,Fiesta,2016,4.2,120092,Petrol,Manual,14290
Mercedes,C-Class,2024,4.4,36464,Petrol,Automatic,36700
Nissan,Patrol,2010,1.5,195310,Petrol,Automatic,800
Honda,Civic,2007,2.6,234402,Petrol,Automatic,800
Mercedes,GLA,2011,3.3,176874,Diesel,Manual,14230
Nissan,Sunny,2009,1.9,213423,Petrol,Automatic,800
Hyundai,Sonata,2024,4.6,26622,Petrol,Automatic,26640
Honda,Accord,2023,4.8,34753,Petrol,Manual,22990
Honda,City,2015,4.6,115498,Petrol,Automatic,18520
Honda,City,2025,3.9,9705,Petrol,Manual,24460
BMW,5 Series,2007,2.8,236568,Hybrid,Automatic,9670
Nissan,Juke,2014,3.6,147704,Petrol,Manual,9040
Audi,A6,2015,3.9,145086,Petrol,Automatic,21740
Mercedes,C-Class,2016,4.8,117019,Hybrid,Automatic,27780
BMW,X5,2022,3.0,58140,Petrol,Manual,24910
Kia,Cerato,2007,5.0,222791,Petrol,Automatic,5320
Audi,A6,2007,2.1,218715,Petrol,Automatic,6140
BMW,3 Series,2021,4.0,54673,Diesel,Automatic,31910
Honda,City,2024,1.0,20806,Diesel,Manual,12370
Toyota,Yaris,2022,4.0,58421,Hybrid,Automatic,26600
Hyundai,Santa Fe,2006,4.2,229020,Electric,Automatic,7890
Suzuki,Wagon R,2007,1.6,233111,Petrol,Automatic,800
Nissan,Sunny,2019,3.9,89490,Petrol,Manual,17540
Hyundai,Sonata,2005,1.5,257694,Hybrid,Manual,800
Suzuki,Swift,2021,4.4,54872,Electric,Manual,24610
Hyundai,Sonata,2016,3.9,111634,Diesel,Automatic,15620
Mercedes,C-Class,2021,1.7,65269,Hybrid,Manual,23030
Kia,Sportage,2014,4.5,142838,Petrol,Automatic,13780
Mercedes,GLA,2013,2.4,156774,Petrol,Manual,11090
BMW,5 Series,2023,3.7,37574,Diesel,Automatic,30260
Mercedes,C-Class,2008,4.2,215497,Diesel,Automatic,15240
Kia,Sorento,2023,5.0,24999,Hybrid,Automatic,27270
Suzuki,Swift,2023,4.7,43872,Petrol,Manual,21360
Hyundai,Santa Fe,2005,3.0,254213,Petrol,Manual,800
Audi,Q3,2011,3.9,175091,Diesel,Manual,14590
Nissan,X-Trail,2006,1.3,239095,Petrol,Automatic,800
Ford,Escape,2018,2.1,100885,Hybrid,Manual,10530
Suzuki,Wagon R,2012,1.6,165963,Electric,Automatic,3460
Hyundai,Santa Fe,2020,1.6,68050,Petrol,Manual,10410
Kia,Cerato,2010,2.9,196199,Petrol,Automatic,1720
Nissan,Altima,2010,1.9,185779,Petrol,Automatic,800
Toyota,Camry,2008,1.7,225188,Diesel,Automatic,800
Nissan,X-Trail,2022,4.3,57988,Petrol,Manual,24280
BMW,5 Series,2023,4.6,35831,Petrol,Automatic,33320
Toyota,RAV4,2011,2.1,174159,Petrol,Manual,1750
Audi,Q5,2021,4.6,59355,Petrol,Automatic,32990
Mercedes,GLA,2015,4.6,126670,Diesel,Manual,21190
Honda,CR-V,2026,1.2,6948,Petrol,Automatic,20130
Audi,Q5,2014,2.8,136784,Diesel,Manual,14810
Toyota,RAV4,2005,3.3,258335,Petrol,Automatic,800
Toyota,Yaris,2022,2.3,40907,Hybrid,Automatic,20450
Hyundai,Santa Fe,2008,1.7,228204,Electric,Automatic,800
BMW,1 Series,2018,4.3,90764,Hybrid,Automatic,27610
Honda,Civic,2013,1.1,157205,Hybrid,Automatic,3440
Nissan,Patrol,2014,3.1,135613,Diesel,Manual,8610
Suzuki,Wagon R,2006,1.6,238181,Diesel,Automatic,800
Ford,Fiesta,2025,4.3,3132,Petrol,Automatic,29290
Ford,Explorer,2015,1.0,125211,Hybrid,Automatic,6190
Suzuki,Swift,2019,3.0,81178,Petrol,Automatic,14110
Kia,Picanto,2017,3.5,94289,Petrol,Manual,12150
BMW,X5,2021,1.6,62324,Petrol,Automatic,19780
Toyota,RAV4,2014,4.2,149712,Diesel,Automatic,15410
Nissan,X-Trail,2012,2.0,169506,Electric,Manual,5000
Suzuki,Baleno,2010,5.0,197313,Petrol,Automatic,7040
Hyundai,i10,2008,3.7,219838,Petrol,Automatic,2690
Suzuki,Swift,2023,4.3,48557,Petrol,Manual,19480
Suzuki,Swift,2023,4.1,46559,Electric,Automatic,25180
Honda,Jazz,2021,3.9,58040,Hybrid,Automatic,21240
Ford,Mustang,2019,1.4,88719,Electric,Automatic,16990
Suzuki,Swift,2007,2.4,229772,Diesel,Automatic,800
Honda,CR-V,2008,2.7,220320,Diesel,Automatic,1770
Ford,Escape,2011,2.5,177658,Petrol,Manual,4760
Nissan,Sunny,2024,4.4,31705,Petrol,Manual,22380
Honda,City,2018,4.1,95638,Petrol,Automatic,18760
Ford,Explorer,2023,2.7,40425,Diesel,Automatic,20760
Hyundai,Santa Fe,2013,1.7,162112,Petrol,Automatic,1010
Honda,Accord,2012,2.3,163017,Petrol,Automatic,6690
Suzuki,Baleno,2020,3.7,73590,Diesel,Manual,13010
Toyota,Fortuner,2025,1.0,11904,Diesel,Automatic,18080
Suzuki,Baleno,2010,2.3,188820,Electric,Automatic,5100
Nissan,Patrol,2014,2.0,134275,Electric,Automatic,10070
Audi,A6,2021,3.4,67681,Petrol,Manual,21930
Ford,Explorer,2023,5.0,27088,Electric,Manual,30430
Mercedes,E-Class,2014,3.5,138636,Hybrid,Automatic,23940
Suzuki,Cultus,2023,2.1,26270,Petrol,Automatic,10850
BMW,X5,2026,4.5,1687,Diesel,Automatic,35140
Audi,A3,2008,3.7,209465,Petrol,Manual,11280
Suzuki,Alto,2016,3.7,115017,Petrol,Automatic,11870
Nissan,Altima,2008,1.9,223915,Petrol,Automatic,800
Kia,Sportage,2024,1.7,15670,Petrol,Manual,13580
Audi,Q5,2009,4.0,197885,Petrol,Automatic,16990
Mercedes,A-Class,2021,4.4,71155,Petrol,Automatic,32530
Mercedes,A-Class,2020,2.7,66808,Petrol,Manual,22440
BMW,5 Series,2014,2.9,144403,Diesel,Automatic,15850
Mercedes,GLA,2014,4.0,155834,Diesel,Automatic,23830
Nissan,Patrol,2018,1.9,93387,Diesel,Automatic,9220
Nissan,Altima,2017,4.2,109857,Petrol,Manual,14740
Audi,Q5,2014,4.0,146567,Diesel,Automatic,19560
Ford,Mustang,2020,3.6,57431,Diesel,Automatic,19740
Audi,Q3,2023,3.6,25470,Petrol,Manual,25710
Toyota,RAV4,2020,1.8,62894,Petrol,Manual,13340
Audi,Q3,2015,4.1,132868,Petrol,Manual,19920
Audi,A3,2010,3.1,177182,Diesel,Automatic,10120
Toyota,Fortuner,2026,3.0,0,Diesel,Automatic,24200
Kia,Stonic,2021,2.4,62969,Hybrid,Automatic,17090
Ford,Escape,2017,3.1,107346,Petrol,Manual,12100
Toyota,Camry,2020,3.7,68754,Hybrid,Manual,19900
BMW,5 Series,2017,3.1,116500,Petrol,Automatic,19580
Kia,Cerato,2021,2.0,48173,Hybrid,Manual,12640
Toyota,Fortuner,2015,1.6,133292,Petrol,Automatic,9070
Nissan,Juke,2025,4.8,10118,Petrol,Automatic,28940
Audi,A6,2017,4.8,101030,Petrol,Automatic,29280
Hyundai,Tucson,2025,3.4,11358,Petrol,Automatic,25970
Audi,A3,2009,1.4,210868,Petrol,Automatic,7710
Suzuki,Cultus,2006,4.1,252070,Petrol,Automatic,800
Ford,Fiesta,2026,3.5,10397,Petrol,Automatic,26220
Toyota,RAV4,2016,1.0,109528,Petrol,Automatic,6480
BMW,X5,2012,4.3,165785,Diesel,Manual,17160
Toyota,Camry,2014,1.9,153149,Diesel,Automatic,4540
Mercedes,GLA,2006,2.8,243573,Diesel,Automatic,5680
Ford,Mustang,2012,3.7,173506,Petrol,Manual,9240
Nissan,Altima,2009,4.1,205828,Petrol,Automatic,7710
BMW,3 Series,2025,4.4,11911,Petrol,Manual,34200
BMW,3 Series,2026,2.7,8162,Hybrid,Automatic,32800
Honda,Accord,2017,4.4,119890,Hybrid,Manual,17460
Hyundai,Tucson,2026,2.3,3749,Petrol,Automatic,21110
Toyota,Fortuner,2023,1.6,33652,Diesel,Automatic,15840
Suzuki,Alto,2012,4.0,170094,Petrol,Manual,4450
Mercedes,C-Class,2016,2.1,115002,Hybrid,Manual,18530
Hyundai,Sonata,2009,2.9,190130,Petrol,Manual,800
Ford,Escape,2013,2.8,152296,Diesel,Automatic,7180
Mercedes,GLC,2015,5.0,132939,Diesel,Automatic,27670
Mercedes,GLC,2018,3.8,92710,Diesel,Automatic,28970
Mercedes,GLA,2006,1.0,249956,Petrol,Manual,800
Kia,Sportage,2006,2.4,238748,Hybrid,Automatic,800
Nissan,Juke,2009,4.0,204648,Petrol,Automatic,7830
Nissan,Juke,2019,3.5,75476,Petrol,Manual,16500
Kia,Sportage,2007,4.7,207064,Petrol,Automatic,7890
Hyundai,Santa Fe,2021,2.0,57893,Diesel,Manual,9920
Mercedes,E-Class,2020,3.2,76105,Petrol,Automatic,26910
Ford,Explorer,2024,4.3,14987,Petrol,Automatic,26750
Audi,A6,2017,3.3,107819,Hybrid,Automatic,25690
Toyota,Yaris,2005,3.1,264661,Hybrid,Manual,800
Audi,A4,2006,4.7,250166,Diesel,Automatic,14480
Suzuki,Swift,2018,1.0,80725,Petrol,Manual,800
Toyota,Fortuner,2011,4.7,178402,Petrol,Automatic,13370
BMW,1 Series,2015,2.0,138135,Petrol,Manual,12940
Nissan,Juke,2012,3.0,163906,Petrol,Manual,5350
Toyota,RAV4,2020,1.7,65359,Petrol,Manual,11080
Audi,A3,2025,2.9,0,Petrol,Automatic,30930
Audi,A3,2021,1.9,68283,Electric,Automatic,28090
Honda,Jazz,2015,2.8,131654,Hybrid,Automatic,11720
Audi,Q5,2014,4.9,140511,Petrol,Automatic,22640
Honda,Civic,2013,1.4,151594,Petrol,Automatic,2940
Audi,A6,2018,4.0,106047,Hybrid,Manual,27210
Honda,CR-V,2005,2.0,253801,Petrol,Automatic,800
Hyundai,Tucson,2020,1.7,59944,Petrol,Automatic,14090
Honda,CR-V,2023,2.3,14180,Hybrid,Automatic,19710
Audi,Q3,2009,1.3,185330,Petrol,Automatic,3550
Audi,Q5,2018,4.0,95604,Petrol,Manual,25270
Honda,Jazz,2013,1.5,144102,Petrol,Automatic,5710
Audi,A6,2008,3.5,215018,Diesel,Manual,8640
Kia,Cerato,2012,1.8,172977,Petrol,Automatic,2210
Hyundai,Tucson,2026,3.8,0,Petrol,Automatic,25390
Hyundai,Tucson,2020,1.0,74756,Petrol,Manual,1860
Hyundai,Sonata,2024,1.3,10885,Diesel,Manual,13500
Toyota,Corolla,2017,4.2,100649,Petrol,Manual,16740
Mercedes,GLA,2026,1.3,0,Diesel,Automatic,26850
Toyota,RAV4,2010,2.8,188318,Petrol,Automatic,7800
BMW,X5,2022,3.5,42697,Diesel,Automatic,29500
Ford,Fiesta,2008,1.7,209168,Diesel,Automatic,910
BMW,1 Series,2014,1.5,150509,Petrol,Manual,8070
BMW,3 Series,2010,1.2,199836,Electric,Automatic,8760
Suzuki,Baleno,2005,4.8,254938,Petrol,Automatic,800
BMW,X5,2011,3.3,191822,Petrol,Automatic,13820
Audi,A4,2015,3.5,135443,Petrol,Automatic,18200
BMW,1 Series,2012,2.9,178481,Hybrid,Automatic,16790
Suzuki,Wagon R,2007,3.1,224764,Petrol,Manual,800
BMW,X5,2017,1.5,104839,Petrol,Manual,14370
Kia,Stonic,2019,2.4,76264,Petrol,Automatic,12020
Suzuki,Alto,2015,1.0,135214,Diesel,Automatic,800
Toyota,Fortuner,2019,3.8,66994,Petrol,Manual,19870
BMW,X1,2018,1.5,105024,Petrol,Automatic,19420
Nissan,Patrol,2024,2.0,33303,Petrol,Manual,15950
BMW,1 Series,2010,4.0,206820,Hybrid,Automatic,16850
